{
    "objects": [
        {
            "attributes": {
                "description": "", 
                "kibanaSavedObjectMeta": {
                    "searchSourceJSON": "{\"filter\": [], \"index\": \"packetbeat-*\", \"query\": {\"query_string\": {\"analyze_wildcard\": true, \"query\": \"*\"}}}"
                }, 
                "title": "Cassandra ResponseKeyspace", 
                "uiStateJSON": "{}", 
                "version": 1, 
                "visState": "{\"type\": \"pie\", \"listeners\": {}, \"params\": {\"legendPosition\": \"right\", \"isDonut\": true, \"addTooltip\": true, \"shareYAxis\": true, \"addLegend\": true}, \"aggs\": [{\"params\": {}, \"type\": \"count\", \"enabled\": true, \"id\": \"1\", \"schema\": \"metric\"}, {\"params\": {\"orderBy\": \"1\", \"field\": \"cassandra.response.result.rows.meta.keyspace\", \"order\": \"desc\", \"size\": 10}, \"type\": \"terms\", \"enabled\": true, \"id\": \"2\", \"schema\": \"segment\"}, {\"params\": {\"orderBy\": \"1\", \"field\": \"cassandra.response.result.rows.meta.table\", \"order\": \"desc\", \"size\": 5}, \"type\": \"terms\", \"enabled\": true, \"id\": \"3\", \"schema\": \"segment\"}], \"title\": \"Cassandra ResponseKeyspace\"}"
            }, 
            "id": "Cassandra-ResponseKeyspace", 
            "type": "visualization", 
            "version": 1
        }, 
        {
            "attributes": {
                "description": "", 
                "kibanaSavedObjectMeta": {
                    "searchSourceJSON": "{\"filter\": [], \"index\": \"packetbeat-*\", \"query\": {\"query_string\": {\"analyze_wildcard\": true, \"query\": \"*\"}}}"
                }, 
                "title": "Cassandra ResponseType", 
                "uiStateJSON": "{}", 
                "version": 1, 
                "visState": "{\"type\": \"pie\", \"listeners\": {}, \"params\": {\"legendPosition\": \"right\", \"isDonut\": false, \"addTooltip\": true, \"shareYAxis\": true, \"addLegend\": true}, \"aggs\": [{\"params\": {}, \"type\": \"count\", \"enabled\": true, \"id\": \"1\", \"schema\": \"metric\"}, {\"params\": {\"orderBy\": \"1\", \"field\": \"cassandra.response.result.type\", \"order\": \"desc\", \"size\": 10}, \"type\": \"terms\", \"enabled\": true, \"id\": \"2\", \"schema\": \"segment\"}], \"title\": \"Cassandra ResponseType\"}"
            }, 
            "id": "Cassandra-ResponseType", 
            "type": "visualization", 
            "version": 1
        }, 
        {
            "attributes": {
                "description": "", 
                "kibanaSavedObjectMeta": {
                    "searchSourceJSON": "{\"filter\": [], \"index\": \"packetbeat-*\", \"query\": {\"query_string\": {\"analyze_wildcard\": true, \"query\": \"type:cassandra\"}}}"
                }, 
                "title": "Cassandra ResponseTime", 
                "uiStateJSON": "{}", 
                "version": 1, 
                "visState": "{\"type\": \"line\", \"listeners\": {}, \"params\": {\"scale\": \"square root\", \"showCircles\": true, \"yAxis\": {}, \"smoothLines\": true, \"legendPosition\": \"right\", \"addTimeMarker\": false, \"interpolate\": \"linear\", \"addLegend\": true, \"shareYAxis\": true, \"radiusRatio\": 9, \"drawLinesBetweenPoints\": true, \"defaultYExtents\": false, \"setYExtents\": false, \"addTooltip\": true, \"times\": []}, \"aggs\": [{\"params\": {\"field\": \"responsetime\", \"percents\": [5, 25, 50, 75, 95]}, \"type\": \"percentiles\", \"enabled\": true, \"id\": \"1\", \"schema\": \"metric\"}, {\"params\": {\"customInterval\": \"2h\", \"field\": \"@timestamp\", \"interval\": \"auto\", \"min_doc_count\": 1, \"extended_bounds\": {}}, \"type\": \"date_histogram\", \"enabled\": true, \"id\": \"2\", \"schema\": \"segment\"}], \"title\": \"Cassandra ResponseTime\"}"
            }, 
            "id": "Cassandra-ResponseTime", 
            "type": "visualization", 
            "version": 1
        }, 
        {
            "attributes": {
                "description": "", 
                "kibanaSavedObjectMeta": {
                    "searchSourceJSON": "{\"filter\": [], \"index\": \"packetbeat-*\", \"query\": {\"query_string\": {\"analyze_wildcard\": true, \"query\": \"type:cassandra\"}}}"
                }, 
                "title": "Cassandra RequestCount", 
                "uiStateJSON": "{}", 
                "version": 1, 
                "visState": "{\"type\": \"line\", \"listeners\": {}, \"params\": {\"scale\": \"square root\", \"showCircles\": true, \"yAxis\": {}, \"smoothLines\": true, \"legendPosition\": \"right\", \"addTimeMarker\": false, \"interpolate\": \"linear\", \"addLegend\": true, \"shareYAxis\": true, \"radiusRatio\": 9, \"drawLinesBetweenPoints\": true, \"defaultYExtents\": false, \"setYExtents\": false, \"addTooltip\": true, \"times\": []}, \"aggs\": [{\"params\": {}, \"type\": \"count\", \"enabled\": true, \"id\": \"1\", \"schema\": \"metric\"}, {\"params\": {\"customInterval\": \"2h\", \"field\": \"@timestamp\", \"interval\": \"auto\", \"min_doc_count\": 1, \"extended_bounds\": {}}, \"type\": \"date_histogram\", \"enabled\": true, \"id\": \"2\", \"schema\": \"segment\"}], \"title\": \"Cassandra RequestCount\"}"
            }, 
            "id": "Cassandra-RequestCount", 
            "type": "visualization", 
            "version": 1
        }, 
        {
            "attributes": {
                "description": "", 
                "kibanaSavedObjectMeta": {
                    "searchSourceJSON": "{\"filter\": [], \"index\": \"packetbeat-*\", \"query\": {\"query_string\": {\"analyze_wildcard\": true, \"query\": \"type:cassandra\"}}}"
                }, 
                "title": "Cassandra Ops", 
                "uiStateJSON": "{}", 
                "version": 1, 
                "visState": "{\"type\": \"pie\", \"listeners\": {}, \"params\": {\"legendPosition\": \"right\", \"isDonut\": true, \"addTooltip\": true, \"shareYAxis\": true, \"addLegend\": true}, \"aggs\": [{\"params\": {}, \"type\": \"count\", \"enabled\": true, \"id\": \"1\", \"schema\": \"metric\"}, {\"params\": {\"orderBy\": \"1\", \"field\": \"cassandra.request.headers.op\", \"order\": \"desc\", \"size\": 5}, \"type\": \"terms\", \"enabled\": true, \"id\": \"2\", \"schema\": \"segment\"}, {\"params\": {\"orderBy\": \"1\", \"field\": \"cassandra.response.headers.op\", \"order\": \"desc\", \"size\": 5}, \"type\": \"terms\", \"enabled\": true, \"id\": \"3\", \"schema\": \"segment\"}], \"title\": \"Cassandra Ops\"}"
            }, 
            "id": "Cassandra-Ops", 
            "type": "visualization", 
            "version": 1
        }, 
        {
            "attributes": {
                "description": "", 
                "kibanaSavedObjectMeta": {
                    "searchSourceJSON": "{\"filter\": [], \"index\": \"packetbeat-*\", \"query\": {\"query_string\": {\"analyze_wildcard\": true, \"query\": \"type:cassandra\"}}}"
                }, 
                "title": "Cassandra RequestCountStackByType", 
                "uiStateJSON": "{}", 
                "version": 1, 
                "visState": "{\"type\": \"histogram\", \"listeners\": {}, \"params\": {\"scale\": \"linear\", \"yAxis\": {}, \"legendPosition\": \"right\", \"addTimeMarker\": false, \"addLegend\": true, \"shareYAxis\": true, \"mode\": \"stacked\", \"defaultYExtents\": false, \"setYExtents\": false, \"addTooltip\": true, \"times\": []}, \"aggs\": [{\"params\": {}, \"type\": \"count\", \"enabled\": true, \"id\": \"1\", \"schema\": \"metric\"}, {\"params\": {\"customInterval\": \"2h\", \"field\": \"@timestamp\", \"interval\": \"auto\", \"min_doc_count\": 1, \"extended_bounds\": {}}, \"type\": \"date_histogram\", \"enabled\": true, \"id\": \"2\", \"schema\": \"segment\"}, {\"params\": {\"orderBy\": \"1\", \"field\": \"cassandra.request.headers.op\", \"order\": \"desc\", \"size\": 5}, \"type\": \"terms\", \"enabled\": true, \"id\": \"3\", \"schema\": \"group\"}], \"title\": \"Cassandra RequestCountStackByType\"}"
            }, 
            "id": "Cassandra-RequestCountStackByType", 
            "type": "visualization", 
            "version": 1
        }, 
        {
            "attributes": {
                "description": "", 
                "kibanaSavedObjectMeta": {
                    "searchSourceJSON": "{\"filter\": [], \"index\": \"packetbeat-*\", \"query\": {\"query_string\": {\"analyze_wildcard\": true, \"query\": \"*\"}}}"
                }, 
                "title": "Cassandra ResponseCountStackByType", 
                "uiStateJSON": "{}", 
                "version": 1, 
                "visState": "{\"type\": \"histogram\", \"listeners\": {}, \"params\": {\"scale\": \"linear\", \"yAxis\": {}, \"legendPosition\": \"right\", \"addTimeMarker\": false, \"addLegend\": true, \"shareYAxis\": true, \"mode\": \"stacked\", \"defaultYExtents\": false, \"setYExtents\": false, \"addTooltip\": true, \"times\": []}, \"aggs\": [{\"params\": {}, \"type\": \"count\", \"enabled\": true, \"id\": \"1\", \"schema\": \"metric\"}, {\"params\": {\"customInterval\": \"2h\", \"field\": \"@timestamp\", \"interval\": \"auto\", \"min_doc_count\": 1, \"extended_bounds\": {}}, \"type\": \"date_histogram\", \"enabled\": true, \"id\": \"2\", \"schema\": \"segment\"}, {\"params\": {\"orderBy\": \"1\", \"field\": \"cassandra.response.headers.op\", \"order\": \"desc\", \"size\": 5}, \"type\": \"terms\", \"enabled\": true, \"id\": \"3\", \"schema\": \"group\"}], \"title\": \"Cassandra ResponseCountStackByType\"}"
            }, 
            "id": "Cassandra-ResponseCountStackByType", 
            "type": "visualization", 
            "version": 1
        }, 
        {
            "attributes": {
                "description": "", 
                "kibanaSavedObjectMeta": {
                    "searchSourceJSON": "{\"filter\": [], \"index\": \"packetbeat-*\", \"query\": {\"query_string\": {\"analyze_wildcard\": true, \"query\": \"*\"}}}"
                }, 
                "title": "Cassandra RequestCountByType", 
                "uiStateJSON": "{}", 
                "version": 1, 
                "visState": "{\"type\": \"line\", \"listeners\": {}, \"params\": {\"scale\": \"log\", \"showCircles\": true, \"yAxis\": {}, \"smoothLines\": true, \"legendPosition\": \"right\", \"addTimeMarker\": false, \"interpolate\": \"linear\", \"addLegend\": true, \"shareYAxis\": true, \"radiusRatio\": \"13\", \"drawLinesBetweenPoints\": false, \"defaultYExtents\": false, \"setYExtents\": false, \"addTooltip\": true, \"times\": []}, \"aggs\": [{\"params\": {}, \"type\": \"count\", \"enabled\": true, \"id\": \"1\", \"schema\": \"metric\"}, {\"params\": {\"customInterval\": \"2h\", \"field\": \"@timestamp\", \"interval\": \"auto\", \"min_doc_count\": 1, \"extended_bounds\": {}}, \"type\": \"date_histogram\", \"enabled\": true, \"id\": \"2\", \"schema\": \"segment\"}, {\"params\": {\"orderBy\": \"1\", \"field\": \"cassandra.request.headers.op\", \"order\": \"desc\", \"size\": 10}, \"type\": \"terms\", \"enabled\": true, \"id\": \"3\", \"schema\": \"group\"}, {\"params\": {}, \"type\": \"count\", \"enabled\": true, \"id\": \"4\", \"schema\": \"radius\"}], \"title\": \"Cassandra RequestCountByType\"}"
            }, 
            "id": "Cassandra-RequestCountByType", 
            "type": "visualization", 
            "version": 1
        }, 
        {
            "attributes": {
                "description": "", 
                "kibanaSavedObjectMeta": {
                    "searchSourceJSON": "{\"filter\": [], \"index\": \"packetbeat-*\", \"query\": {\"query_string\": {\"analyze_wildcard\": true, \"query\": \"*\"}}}"
                }, 
                "title": "Cassandra ResponseCountByType", 
                "uiStateJSON": "{}", 
                "version": 1, 
                "visState": "{\"type\": \"line\", \"listeners\": {}, \"params\": {\"scale\": \"log\", \"showCircles\": true, \"yAxis\": {}, \"smoothLines\": true, \"addTimeMarker\": false, \"interpolate\": \"linear\", \"addLegend\": true, \"shareYAxis\": true, \"radiusRatio\": \"15\", \"drawLinesBetweenPoints\": false, \"defaultYExtents\": false, \"setYExtents\": false, \"addTooltip\": true, \"times\": []}, \"aggs\": [{\"type\": \"count\", \"params\": {}, \"id\": \"1\", \"schema\": \"metric\"}, {\"type\": \"date_histogram\", \"params\": {\"customInterval\": \"2h\", \"field\": \"@timestamp\", \"interval\": \"auto\", \"min_doc_count\": 1, \"extended_bounds\": {}}, \"id\": \"2\", \"schema\": \"segment\"}, {\"type\": \"terms\", \"params\": {\"orderBy\": \"1\", \"field\": \"cassandra.response.headers.op\", \"order\": \"desc\", \"size\": 10}, \"id\": \"3\", \"schema\": \"group\"}, {\"type\": \"count\", \"params\": {}, \"id\": \"4\", \"schema\": \"radius\"}], \"title\": \"Cassandra: ResponseCountByType\"}"
            }, 
            "id": "Cassandra-ResponseCountByType", 
            "type": "visualization", 
            "version": 1
        }, 
        {
            "attributes": {
                "description": "", 
                "kibanaSavedObjectMeta": {
                    "searchSourceJSON": "{\"filter\": [], \"query\": {\"query\": {\"query_string\": {\"analyze_wildcard\": true, \"query\": \"*\"}}, \"language\": \"lucene\"}}"
                }, 
                "title": "Navigation", 
                "uiStateJSON": "{}", 
                "version": 1, 
                "visState": "{\"type\": \"markdown\", \"params\": {\"markdown\": \"### Packetbeat:\\n\\n[Overview](#/dashboard/Packetbeat-Dashboard)\\n\\n[Flows](#/dashboard/Packetbeat-Flows)\\n\\n[Web transactions](#/dashboard/Packetbeat-HTTP)\\n\\n[MySQL performance](#/dashboard/Packetbeat-MySQL-performance)\\n\\n[PostgreSQL performance](#/dashboard/Packetbeat-PgSQL-performance)\\n\\n[MongoDB performance](#/dashboard/Packetbeat-MongoDB-performance)\\n\\n[Thrift-RPC performance](#/dashboard/Packetbeat-Thrift-performance)\\n\\n[NFS transactions](#/dashboard/Packetbeat-NFS)\\n\\n[Cassandra performance](#/dashboard/Packetbeat-Cassandra)\", \"fontSize\": \"10\"}, \"aggs\": [], \"title\": \"Navigation\"}"
            }, 
            "id": "Navigation", 
            "type": "visualization", 
            "version": 10
        }, 
        {
            "attributes": {
                "columns": [
                    "cassandra.request.query", 
                    "cassandra.response.result.rows.meta.keyspace", 
                    "cassandra.response.result.rows.meta.table", 
                    "cassandra.response.result.rows.num_rows"
                ], 
                "description": "", 
                "hits": 0, 
                "kibanaSavedObjectMeta": {
                    "searchSourceJSON": "{\"filter\": [{\"query\": {\"match\": {\"cassandra.request.headers.op\": {\"query\": \"QUERY\", \"type\": \"phrase\"}}}, \"meta\": {\"index\": \"packetbeat-*\", \"value\": \"QUERY\", \"disabled\": false, \"alias\": null, \"key\": \"cassandra.request.headers.op\", \"negate\": false}, \"$state\": {\"store\": \"appState\"}}, {\"query\": {\"match\": {\"cassandra.response.headers.op\": {\"query\": \"ERROR\", \"type\": \"phrase\"}}}, \"meta\": {\"index\": \"packetbeat-*\", \"value\": \"ERROR\", \"disabled\": false, \"alias\": null, \"key\": \"cassandra.response.headers.op\", \"negate\": true}, \"$state\": {\"store\": \"appState\"}}], \"highlight\": {\"fields\": {\"*\": {}}, \"post_tags\": [\"@/kibana-highlighted-field@\"], \"pre_tags\": [\"@kibana-highlighted-field@\"], \"require_field_match\": false, \"fragment_size\": 2147483647}, \"query\": {\"query_string\": {\"analyze_wildcard\": true, \"query\": \"*\"}}, \"index\": \"packetbeat-*\"}"
                }, 
                "sort": [
                    "@timestamp", 
                    "desc"
                ], 
                "title": "Cassandra QueryView", 
                "version": 1
            }, 
            "id": "Cassandra-QueryView", 
            "type": "search", 
            "version": 1
        }, 
        {
            "attributes": {
                "description": "", 
                "hits": 0, 
                "kibanaSavedObjectMeta": {
                    "searchSourceJSON": "{\"filter\": [], \"query\": {\"query\": {\"query_string\": {\"analyze_wildcard\": true, \"query\": \"*\"}}, \"language\": \"lucene\"}, \"version\": true, \"highlightAll\": true}"
                }, 
                "optionsJSON": "{\"darkTheme\": false}", 
                "panelsJSON": "[{\"type\": \"visualization\", \"id\": \"Cassandra-ResponseKeyspace\", \"size_x\": 3, \"size_y\": 2, \"panelIndex\": 3, \"col\": 10, \"row\": 3}, {\"type\": \"visualization\", \"id\": \"Cassandra-ResponseType\", \"size_x\": 3, \"size_y\": 2, \"panelIndex\": 4, \"col\": 7, \"row\": 3}, {\"type\": \"visualization\", \"id\": \"Cassandra-ResponseTime\", \"size_x\": 12, \"size_y\": 2, \"panelIndex\": 9, \"col\": 1, \"row\": 5}, {\"type\": \"visualization\", \"id\": \"Cassandra-RequestCount\", \"size_x\": 9, \"size_y\": 2, \"panelIndex\": 10, \"col\": 4, \"row\": 1}, {\"type\": \"visualization\", \"id\": \"Cassandra-Ops\", \"size_x\": 3, \"size_y\": 2, \"panelIndex\": 11, \"col\": 4, \"row\": 3}, {\"type\": \"visualization\", \"id\": \"Cassandra-RequestCountStackByType\", \"size_x\": 12, \"size_y\": 2, \"panelIndex\": 15, \"col\": 1, \"row\": 7}, {\"type\": \"visualization\", \"id\": \"Cassandra-ResponseCountStackByType\", \"size_x\": 12, \"size_y\": 2, \"panelIndex\": 16, \"col\": 1, \"row\": 9}, {\"type\": \"visualization\", \"id\": \"Cassandra-RequestCountByType\", \"size_x\": 6, \"size_y\": 3, \"panelIndex\": 17, \"col\": 1, \"row\": 11}, {\"type\": \"visualization\", \"id\": \"Cassandra-ResponseCountByType\", \"size_x\": 6, \"size_y\": 3, \"panelIndex\": 18, \"col\": 7, \"row\": 11}, {\"type\": \"visualization\", \"id\": \"Navigation\", \"size_x\": 3, \"size_y\": 4, \"panelIndex\": 19, \"col\": 1, \"row\": 1}, {\"sort\": [\"@timestamp\", \"desc\"], \"type\": \"search\", \"id\": \"Cassandra-QueryView\", \"size_x\": 12, \"size_y\": 3, \"panelIndex\": 20, \"col\": 1, \"columns\": [\"cassandra.request.query\", \"cassandra.response.result.rows.meta.keyspace\", \"cassandra.response.result.rows.meta.table\", \"cassandra.response.result.rows.num_rows\"], \"row\": 14}]", 
                "timeRestore": false, 
                "title": "[Packetbeat] Cassandra", 
                "uiStateJSON": "{\"P-17\": {\"vis\": {\"legendOpen\": false}}, \"P-18\": {\"vis\": {\"legendOpen\": false}}, \"P-10\": {\"vis\": {\"legendOpen\": false}}}", 
                "version": 1
            }, 
            "id": "Packetbeat-Cassandra", 
            "type": "dashboard", 
            "version": 2
        }
    ], 
    "version": "6.0.0-beta1-SNAPSHOT"
}