{
    "objects": [
        {
            "attributes": {
                "description": "", 
                "kibanaSavedObjectMeta": {
                    "searchSourceJSON": "{\"filter\": [], \"query\": {\"query\": {\"query_string\": {\"analyze_wildcard\": true, \"query\": \"*\"}}, \"language\": \"lucene\"}}"
                }, 
                "title": "Navigation", 
                "uiStateJSON": "{}", 
                "version": 1, 
                "visState": "{\"type\": \"markdown\", \"params\": {\"markdown\": \"### Packetbeat:\\n\\n[Overview](#/dashboard/Packetbeat-Dashboard)\\n\\n[Flows](#/dashboard/Packetbeat-Flows)\\n\\n[Web transactions](#/dashboard/Packetbeat-HTTP)\\n\\n[MySQL performance](#/dashboard/Packetbeat-MySQL-performance)\\n\\n[PostgreSQL performance](#/dashboard/Packetbeat-PgSQL-performance)\\n\\n[MongoDB performance](#/dashboard/Packetbeat-MongoDB-performance)\\n\\n[Thrift-RPC performance](#/dashboard/Packetbeat-Thrift-performance)\\n\\n[NFS transactions](#/dashboard/Packetbeat-NFS)\\n\\n[Cassandra performance](#/dashboard/Packetbeat-Cassandra)\", \"fontSize\": \"10\"}, \"aggs\": [], \"title\": \"Navigation\"}"
            }, 
            "id": "Navigation", 
            "type": "visualization", 
            "version": 10
        }, 
        {
            "attributes": {
                "description": "", 
                "kibanaSavedObjectMeta": {
                    "searchSourceJSON": "{\"filter\": []}"
                }, 
                "savedSearchId": "651fd6d0-88d0-11e7-ad9c-db80de0bf8d3", 
                "title": "MongoDB errors", 
                "uiStateJSON": "{}", 
                "version": 1, 
                "visState": "{\"type\": \"line\", \"listeners\": {}, \"params\": {\"scale\": \"linear\", \"showCircles\": true, \"yAxis\": {}, \"spyPerPage\": 10, \"smoothLines\": false, \"addTimeMarker\": false, \"interpolate\": \"linear\", \"addLegend\": true, \"shareYAxis\": true, \"radiusRatio\": 9, \"drawLinesBetweenPoints\": true, \"defaultYExtents\": false, \"setYExtents\": false, \"addTooltip\": true, \"times\": []}, \"aggs\": [{\"type\": \"count\", \"params\": {}, \"id\": \"1\", \"schema\": \"metric\"}, {\"type\": \"date_histogram\", \"params\": {\"customInterval\": \"2h\", \"field\": \"@timestamp\", \"interval\": \"auto\", \"min_doc_count\": 1, \"extended_bounds\": {}}, \"id\": \"2\", \"schema\": \"segment\"}, {\"type\": \"terms\", \"params\": {\"orderBy\": \"1\", \"field\": \"resource\", \"size\": 3, \"order\": \"desc\", \"row\": true}, \"id\": \"3\", \"schema\": \"split\"}, {\"type\": \"terms\", \"params\": {\"orderBy\": \"1\", \"field\": \"method\", \"order\": \"desc\", \"size\": 5}, \"id\": \"4\", \"schema\": \"group\"}], \"title\": \"MongoDB errors\"}"
            }, 
            "id": "MongoDB-errors", 
            "type": "visualization", 
            "version": 2
        }, 
        {
            "attributes": {
                "description": "", 
                "kibanaSavedObjectMeta": {
                    "searchSourceJSON": "{\"filter\": []}"
                }, 
                "savedSearchId": "MongoDB-transactions", 
                "title": "MongoDB commands", 
                "uiStateJSON": "{}", 
                "version": 1, 
                "visState": "{\"type\": \"area\", \"listeners\": {}, \"params\": {\"scale\": \"linear\", \"yAxis\": {}, \"smoothLines\": true, \"addTimeMarker\": false, \"interpolate\": \"linear\", \"addLegend\": true, \"shareYAxis\": true, \"mode\": \"silhouette\", \"defaultYExtents\": false, \"setYExtents\": false, \"addTooltip\": true, \"times\": []}, \"aggs\": [{\"type\": \"count\", \"params\": {}, \"id\": \"1\", \"schema\": \"metric\"}, {\"type\": \"date_histogram\", \"params\": {\"customInterval\": \"2h\", \"field\": \"@timestamp\", \"interval\": \"auto\", \"min_doc_count\": 1, \"extended_bounds\": {}}, \"id\": \"2\", \"schema\": \"segment\"}, {\"type\": \"terms\", \"params\": {\"orderBy\": \"1\", \"field\": \"method\", \"order\": \"desc\", \"size\": 5}, \"id\": \"3\", \"schema\": \"group\"}], \"title\": \"MongoDB commands\"}"
            }, 
            "id": "MongoDB-commands", 
            "type": "visualization", 
            "version": 1
        }, 
        {
            "attributes": {
                "description": "", 
                "kibanaSavedObjectMeta": {
                    "searchSourceJSON": "{\"filter\": []}"
                }, 
                "savedSearchId": "651fd6d0-88d0-11e7-ad9c-db80de0bf8d3", 
                "title": "MongoDB errors per collection", 
                "uiStateJSON": "{}", 
                "version": 1, 
                "visState": "{\"type\": \"line\", \"listeners\": {}, \"params\": {\"scale\": \"linear\", \"showCircles\": true, \"yAxis\": {}, \"spyPerPage\": 10, \"smoothLines\": false, \"addTimeMarker\": false, \"interpolate\": \"linear\", \"addLegend\": true, \"shareYAxis\": true, \"radiusRatio\": 9, \"drawLinesBetweenPoints\": true, \"defaultYExtents\": false, \"setYExtents\": false, \"addTooltip\": true, \"times\": []}, \"aggs\": [{\"type\": \"count\", \"params\": {}, \"id\": \"1\", \"schema\": \"metric\"}, {\"type\": \"date_histogram\", \"params\": {\"customInterval\": \"2h\", \"field\": \"@timestamp\", \"interval\": \"auto\", \"min_doc_count\": 1, \"extended_bounds\": {}}, \"id\": \"2\", \"schema\": \"segment\"}, {\"type\": \"terms\", \"params\": {\"orderBy\": \"1\", \"field\": \"resource\", \"order\": \"desc\", \"size\": 5}, \"id\": \"3\", \"schema\": \"group\"}], \"title\": \"MongoDB errors per collection\"}"
            }, 
            "id": "MongoDB-errors-per-collection", 
            "type": "visualization", 
            "version": 2
        }, 
        {
            "attributes": {
                "description": "", 
                "kibanaSavedObjectMeta": {
                    "searchSourceJSON": "{\"filter\": []}"
                }, 
                "savedSearchId": "MongoDB-transactions", 
                "title": "MongoDB in/out throughput", 
                "version": 1, 
                "visState": "{\"type\": \"line\", \"listeners\": {}, \"params\": {\"scale\": \"linear\", \"showCircles\": true, \"yAxis\": {}, \"smoothLines\": false, \"addTimeMarker\": false, \"interpolate\": \"linear\", \"addLegend\": true, \"shareYAxis\": true, \"radiusRatio\": 9, \"drawLinesBetweenPoints\": true, \"defaultYExtents\": false, \"setYExtents\": false, \"addTooltip\": true, \"times\": []}, \"aggs\": [{\"type\": \"sum\", \"params\": {\"field\": \"bytes_in\"}, \"id\": \"1\", \"schema\": \"metric\"}, {\"type\": \"date_histogram\", \"params\": {\"customInterval\": \"2h\", \"field\": \"@timestamp\", \"interval\": \"auto\", \"min_doc_count\": 1, \"extended_bounds\": {}}, \"id\": \"2\", \"schema\": \"segment\"}, {\"type\": \"sum\", \"params\": {\"field\": \"bytes_out\"}, \"id\": \"4\", \"schema\": \"metric\"}]}"
            }, 
            "id": "MongoDB-in-slash-out-throughput", 
            "type": "visualization", 
            "version": 1
        }, 
        {
            "attributes": {
                "description": "", 
                "kibanaSavedObjectMeta": {
                    "searchSourceJSON": "{\"filter\": []}"
                }, 
                "savedSearchId": "MongoDB-transactions", 
                "title": "MongoDB response times by collection", 
                "uiStateJSON": "{}", 
                "version": 1, 
                "visState": "{\"type\": \"line\", \"listeners\": {}, \"params\": {\"scale\": \"linear\", \"showCircles\": true, \"yAxis\": {}, \"smoothLines\": false, \"addTimeMarker\": false, \"interpolate\": \"linear\", \"addLegend\": true, \"shareYAxis\": true, \"radiusRatio\": \"9\", \"drawLinesBetweenPoints\": false, \"defaultYExtents\": false, \"setYExtents\": false, \"addTooltip\": true, \"times\": []}, \"aggs\": [{\"type\": \"percentiles\", \"params\": {\"field\": \"responsetime\", \"percents\": [99]}, \"id\": \"1\", \"schema\": \"metric\"}, {\"type\": \"date_histogram\", \"params\": {\"customInterval\": \"2h\", \"field\": \"@timestamp\", \"interval\": \"auto\", \"min_doc_count\": 1, \"extended_bounds\": {}}, \"id\": \"2\", \"schema\": \"segment\"}, {\"type\": \"terms\", \"params\": {\"orderBy\": \"1.99\", \"field\": \"resource\", \"order\": \"desc\", \"size\": 5}, \"id\": \"3\", \"schema\": \"group\"}, {\"type\": \"count\", \"params\": {}, \"id\": \"4\", \"schema\": \"radius\"}], \"title\": \"MongoDB response times by collection\"}"
            }, 
            "id": "MongoDB-response-times-by-collection", 
            "type": "visualization", 
            "version": 1
        }, 
        {
            "attributes": {
                "description": "", 
                "kibanaSavedObjectMeta": {
                    "searchSourceJSON": "{\"filter\": []}"
                }, 
                "savedSearchId": "MongoDB-transactions", 
                "title": "Top slowest MongoDB queries", 
                "version": 1, 
                "visState": "{\"type\": \"table\", \"listeners\": {}, \"params\": {\"perPage\": 10, \"showPartialRows\": false, \"showMeticsAtAllLevels\": false}, \"aggs\": [{\"type\": \"percentiles\", \"params\": {\"field\": \"responsetime\", \"percents\": [99]}, \"id\": \"1\", \"schema\": \"metric\"}, {\"type\": \"terms\", \"params\": {\"orderBy\": \"1.99\", \"field\": \"query\", \"order\": \"desc\", \"size\": 10}, \"id\": \"2\", \"schema\": \"bucket\"}]}"
            }, 
            "id": "Top-slowest-MongoDB-queries", 
            "type": "visualization", 
            "version": 1
        }, 
        {
            "attributes": {
                "description": "", 
                "kibanaSavedObjectMeta": {
                    "searchSourceJSON": "{\"filter\": []}"
                }, 
                "savedSearchId": "MongoDB-transactions-with-write-concern-0", 
                "title": "Number of MongoDB transactions with writeConcern w=0", 
                "uiStateJSON": "{}", 
                "version": 1, 
                "visState": "{\"type\": \"line\", \"listeners\": {}, \"params\": {\"scale\": \"linear\", \"showCircles\": true, \"yAxis\": {}, \"smoothLines\": false, \"addTimeMarker\": false, \"interpolate\": \"linear\", \"addLegend\": true, \"shareYAxis\": true, \"radiusRatio\": 9, \"drawLinesBetweenPoints\": true, \"defaultYExtents\": false, \"setYExtents\": false, \"addTooltip\": true, \"times\": []}, \"aggs\": [{\"type\": \"count\", \"params\": {}, \"id\": \"1\", \"schema\": \"metric\"}, {\"type\": \"date_histogram\", \"params\": {\"customInterval\": \"2h\", \"field\": \"@timestamp\", \"interval\": \"auto\", \"min_doc_count\": 1, \"extended_bounds\": {}}, \"id\": \"2\", \"schema\": \"segment\"}, {\"type\": \"count\", \"params\": {}, \"id\": \"3\", \"schema\": \"radius\"}], \"title\": \"Number of MongoDB transactions with writeConcern w=0\"}"
            }, 
            "id": "Number-of-MongoDB-transactions-with-writeConcern-w-equal-0", 
            "type": "visualization", 
            "version": 1
        }, 
        {
            "attributes": {
                "columns": [
                    "_source"
                ], 
                "description": "", 
                "hits": 0, 
                "kibanaSavedObjectMeta": {
                    "searchSourceJSON": "{\"filter\": [{\"query\": {\"match\": {\"type\": {\"query\": \"mongodb\", \"type\": \"phrase\"}}}, \"meta\": {\"index\": \"packetbeat-*\", \"value\": \"mongodb\", \"disabled\": false, \"alias\": null, \"params\": {\"query\": \"mongodb\", \"type\": \"phrase\"}, \"key\": \"type\", \"negate\": false, \"type\": \"phrase\"}, \"$state\": {\"store\": \"appState\"}}, {\"query\": {\"match\": {\"status\": {\"query\": \"OK\", \"type\": \"phrase\"}}}, \"meta\": {\"index\": \"packetbeat-*\", \"value\": \"OK\", \"disabled\": false, \"alias\": null, \"params\": {\"query\": \"OK\", \"type\": \"phrase\"}, \"key\": \"status\", \"negate\": true, \"type\": \"phrase\"}, \"$state\": {\"store\": \"appState\"}}], \"index\": \"packetbeat-*\", \"version\": true, \"highlightAll\": true, \"query\": {\"query\": \"*\", \"language\": \"lucene\"}}"
                }, 
                "sort": [
                    "@timestamp", 
                    "desc"
                ], 
                "title": "MongoDB errors [Packetbeat]", 
                "version": 1
            }, 
            "id": "651fd6d0-88d0-11e7-ad9c-db80de0bf8d3", 
            "type": "search", 
            "version": 1
        }, 
        {
            "attributes": {
                "columns": [
                    "method", 
                    "type", 
                    "path", 
                    "responsetime", 
                    "status", 
                    "query"
                ], 
                "description": "", 
                "hits": 0, 
                "kibanaSavedObjectMeta": {
                    "searchSourceJSON": "{\"filter\": [{\"query\": {\"match\": {\"type\": {\"query\": \"mongodb\", \"type\": \"phrase\"}}}, \"meta\": {\"disabled\": false, \"index\": \"packetbeat-*\", \"negate\": false, \"value\": \"mongodb\", \"key\": \"type\"}}], \"highlight\": {\"fields\": {\"*\": {}}, \"post_tags\": [\"@/kibana-highlighted-field@\"], \"pre_tags\": [\"@kibana-highlighted-field@\"], \"fragment_size\": 2147483647}, \"query\": {\"query_string\": {\"analyze_wildcard\": true, \"query\": \"*\"}}, \"index\": \"packetbeat-*\"}"
                }, 
                "sort": [
                    "@timestamp", 
                    "desc"
                ], 
                "title": "MongoDB transactions", 
                "version": 1
            }, 
            "id": "MongoDB-transactions", 
            "type": "search", 
            "version": 1
        }, 
        {
            "attributes": {
                "columns": [
                    "method", 
                    "type", 
                    "path", 
                    "responsetime", 
                    "status", 
                    "query"
                ], 
                "description": "", 
                "hits": 0, 
                "kibanaSavedObjectMeta": {
                    "searchSourceJSON": "{\"filter\": [{\"query\": {\"match\": {\"type\": {\"query\": \"mongodb\", \"type\": \"phrase\"}}}, \"meta\": {\"disabled\": false, \"index\": \"packetbeat-*\", \"negate\": false, \"value\": \"mongodb\", \"key\": \"type\"}}], \"highlight\": {\"fields\": {\"*\": {}}, \"post_tags\": [\"@/kibana-highlighted-field@\"], \"pre_tags\": [\"@kibana-highlighted-field@\"], \"fragment_size\": 2147483647}, \"query\": {\"query_string\": {\"analyze_wildcard\": true, \"query\": \"request: \\\"writeConcern w 0\\\"\"}}, \"index\": \"packetbeat-*\"}"
                }, 
                "sort": [
                    "@timestamp", 
                    "desc"
                ], 
                "title": "MongoDB transactions with write concern 0", 
                "version": 1
            }, 
            "id": "MongoDB-transactions-with-write-concern-0", 
            "type": "search", 
            "version": 1
        }, 
        {
            "attributes": {
                "description": "", 
                "hits": 0, 
                "kibanaSavedObjectMeta": {
                    "searchSourceJSON": "{\"filter\": [], \"query\": {\"query\": {\"query_string\": {\"analyze_wildcard\": true, \"query\": \"*\"}}, \"language\": \"lucene\"}, \"version\": true, \"highlightAll\": true}"
                }, 
                "optionsJSON": "{\"darkTheme\": false}", 
                "panelsJSON": "[{\"type\": \"visualization\", \"id\": \"Navigation\", \"size_x\": 3, \"size_y\": 4, \"panelIndex\": 1, \"col\": 1, \"row\": 1}, {\"type\": \"visualization\", \"id\": \"MongoDB-errors\", \"size_x\": 5, \"size_y\": 4, \"panelIndex\": 2, \"col\": 4, \"row\": 1}, {\"type\": \"visualization\", \"id\": \"MongoDB-commands\", \"size_x\": 4, \"size_y\": 4, \"panelIndex\": 3, \"col\": 9, \"row\": 1}, {\"type\": \"visualization\", \"id\": \"MongoDB-errors-per-collection\", \"size_x\": 4, \"size_y\": 3, \"panelIndex\": 4, \"col\": 1, \"row\": 5}, {\"type\": \"visualization\", \"id\": \"MongoDB-in-slash-out-throughput\", \"size_x\": 4, \"size_y\": 3, \"panelIndex\": 5, \"col\": 5, \"row\": 5}, {\"type\": \"visualization\", \"id\": \"MongoDB-response-times-by-collection\", \"size_x\": 8, \"size_y\": 5, \"panelIndex\": 6, \"col\": 1, \"row\": 8}, {\"type\": \"visualization\", \"id\": \"Top-slowest-MongoDB-queries\", \"size_x\": 4, \"size_y\": 5, \"panelIndex\": 7, \"col\": 9, \"row\": 8}, {\"type\": \"visualization\", \"id\": \"Number-of-MongoDB-transactions-with-writeConcern-w-equal-0\", \"size_x\": 4, \"size_y\": 3, \"panelIndex\": 8, \"col\": 9, \"row\": 5}]", 
                "timeRestore": false, 
                "title": "[Packetbeat] MongoDB", 
                "uiStateJSON": "{\"P-7\": {\"vis\": {\"params\": {\"sort\": {\"columnIndex\": null, \"direction\": null}}}}}", 
                "version": 1
            }, 
            "id": "Packetbeat-MongoDB-performance", 
            "type": "dashboard", 
            "version": 2
        }
    ], 
    "version": "6.0.0-beta1-SNAPSHOT"
}