{
  "visState": "{\"title\":\"Mericbeat: Network Traffic (Bytes)\",\"type\":\"metrics\",\"params\":{\"id\":\"da1046f0-faa0-11e6-86b1-cd7735ff7e23\",\"type\":\"timeseries\",\"series\":[{\"id\":\"da1046f1-faa0-11e6-86b1-cd7735ff7e23\",\"color\":\"rgba(0,156,224,1)\",\"split_mode\":\"terms\",\"metrics\":[{\"id\":\"da1046f2-faa0-11e6-86b1-cd7735ff7e23\",\"type\":\"max\",\"field\":\"system.network.in.bytes\"},{\"unit\":\"1s\",\"id\":\"f41f9280-faa0-11e6-86b1-cd7735ff7e23\",\"type\":\"derivative\",\"field\":\"da1046f2-faa0-11e6-86b1-cd7735ff7e23\"},{\"unit\":\"\",\"id\":\"a87398e0-1b93-11e7-8ada-3df93aab833e\",\"type\":\"positive_only\",\"field\":\"f41f9280-faa0-11e6-86b1-cd7735ff7e23\"},{\"id\":\"2d533df0-2c2d-11e7-be71-3162da85303f\",\"type\":\"series_agg\",\"function\":\"sum\"}],\"seperate_axis\":0,\"axis_position\":\"right\",\"formatter\":\"bytes\",\"chart_type\":\"line\",\"line_width\":\"0\",\"point_size\":\"0\",\"fill\":\"1\",\"stacked\":\"none\",\"label\":\"Inbound \",\"value_template\":\"{{value}}/s\",\"terms_field\":\"system.network.name\"},{\"id\":\"fbbd5720-faa0-11e6-86b1-cd7735ff7e23\",\"color\":\"rgba(250,40,255,1)\",\"split_mode\":\"terms\",\"metrics\":[{\"id\":\"fbbd7e30-faa0-11e6-86b1-cd7735ff7e23\",\"type\":\"max\",\"field\":\"system.network.out.bytes\"},{\"unit\":\"1s\",\"id\":\"fbbd7e31-faa0-11e6-86b1-cd7735ff7e23\",\"type\":\"derivative\",\"field\":\"fbbd7e30-faa0-11e6-86b1-cd7735ff7e23\"},{\"script\":\"params.rate != null && params.rate > 0 ? params.rate * -1 : null\",\"id\":\"17e597a0-faa1-11e6-86b1-cd7735ff7e23\",\"type\":\"calculation\",\"variables\":[{\"id\":\"1940bad0-faa1-11e6-86b1-cd7735ff7e23\",\"name\":\"rate\",\"field\":\"fbbd7e31-faa0-11e6-86b1-cd7735ff7e23\"}]},{\"id\":\"533da9b0-2c2d-11e7-be71-3162da85303f\",\"type\":\"series_agg\",\"function\":\"sum\"}],\"seperate_axis\":0,\"axis_position\":\"right\",\"formatter\":\"bytes\",\"chart_type\":\"line\",\"line_width\":\"0\",\"point_size\":\"0\",\"fill\":\"1\",\"stacked\":\"none\",\"label\":\"Outbound \",\"value_template\":\"{{value}}/s\",\"terms_field\":\"system.network.name\"}],\"time_field\":\"@timestamp\",\"index_pattern\":\"metricbeat-*\",\"interval\":\"auto\",\"axis_position\":\"left\",\"axis_formatter\":\"number\",\"show_legend\":1,\"filter\":\"-system.network.name:l*\"},\"aggs\":[],\"listeners\":{}}",
  "description": "",
  "title": "Mericbeat: Network Traffic (Bytes)",
  "uiStateJSON": "{}",
  "version": 1,
  "kibanaSavedObjectMeta": {
    "searchSourceJSON": "{\"query\":{\"query_string\":{\"query\":\"*\"}},\"filter\":[]}"
  }
}
