{
  "visState": "{\"title\":\"Kubernetes - CPU usage by node\",\"type\":\"metrics\",\"params\":{\"id\":\"0d5c6b10-2bf2-11e7-859b-f78b612cde28\",\"type\":\"timeseries\",\"series\":[{\"id\":\"0d5c9220-2bf2-11e7-859b-f78b612cde28\",\"color\":\"#68BC00\",\"split_mode\":\"terms\",\"metrics\":[{\"id\":\"0d5c9221-2bf2-11e7-859b-f78b612cde28\",\"type\":\"sum\",\"field\":\"kubernetes.container.cpu.usage.nanocores\"}],\"seperate_axis\":0,\"axis_position\":\"right\",\"formatter\":\"0.0a\",\"chart_type\":\"line\",\"line_width\":1,\"point_size\":1,\"fill\":\"0.5\",\"stacked\":\"none\",\"terms_field\":\"kubernetes.node.name\",\"terms_size\":\"10000\",\"terms_order_by\":\"0d5c9221-2bf2-11e7-859b-f78b612cde28\",\"value_template\":\"{{value}} nanocores\",\"override_index_pattern\":0,\"series_interval\":\"10s\",\"series_time_field\":\"@timestamp\"},{\"id\":\"22f65d40-31a7-11e7-84cc-096d2b38e6e5\",\"color\":\"rgba(211,49,21,1)\",\"split_mode\":\"terms\",\"metrics\":[{\"id\":\"22f65d41-31a7-11e7-84cc-096d2b38e6e5\",\"type\":\"avg\",\"field\":\"kubernetes.node.cpu.capacity.cores\"},{\"script\":\"params.cores * 1000000000\",\"id\":\"4af4c390-34d6-11e7-be88-cb6a123dc1bb\",\"type\":\"calculation\",\"variables\":[{\"id\":\"4cd32080-34d6-11e7-be88-cb6a123dc1bb\",\"name\":\"cores\",\"field\":\"22f65d41-31a7-11e7-84cc-096d2b38e6e5\"}]}],\"seperate_axis\":0,\"axis_position\":\"right\",\"formatter\":\"0.0a\",\"chart_type\":\"line\",\"line_width\":1,\"point_size\":\"0\",\"fill\":\"0\",\"stacked\":\"none\",\"terms_field\":\"kubernetes.node.name\",\"terms_size\":\"10000\",\"terms_order_by\":\"22f65d41-31a7-11e7-84cc-096d2b38e6e5\",\"value_template\":\"{{value}} nanocores\",\"hide_in_legend\":1,\"label\":\"\",\"override_index_pattern\":0,\"series_interval\":\"10s\",\"series_time_field\":\"@timestamp\"}],\"time_field\":\"@timestamp\",\"index_pattern\":\"metricbeat-*\",\"interval\":\"auto\",\"axis_position\":\"left\",\"axis_formatter\":\"number\",\"show_legend\":1,\"background_color_rules\":[{\"id\":\"12c1f2f0-2bf2-11e7-859b-f78b612cde28\"}],\"bar_color_rules\":[{\"id\":\"1373ddd0-2bf2-11e7-859b-f78b612cde28\"}],\"gauge_color_rules\":[{\"id\":\"140e4910-2bf2-11e7-859b-f78b612cde28\"}],\"gauge_width\":10,\"gauge_inner_width\":10,\"gauge_style\":\"half\",\"filter\":\"metricset.module:kubernetes AND (metricset.name:container OR metricset.name:state_node)\"},\"aggs\":[],\"listeners\":{}}",
  "description": "",
  "title": "Kubernetes - CPU usage by node",
  "uiStateJSON": "{}",
  "version": 1,
  "kibanaSavedObjectMeta": {
    "searchSourceJSON": "{\"query\":{\"query_string\":{\"query\":\"*\"}},\"filter\":[]}"
  }
}
