{
  "visState": "{\"title\":\"Metricbeat: Disk IO (Bytes)\",\"type\":\"metrics\",\"params\":{\"id\":\"d3c67db0-1b1a-11e7-b09e-037021c4f8df\",\"type\":\"timeseries\",\"series\":[{\"id\":\"d3c67db1-1b1a-11e7-b09e-037021c4f8df\",\"color\":\"rgba(22,165,165,1)\",\"split_mode\":\"everything\",\"metrics\":[{\"id\":\"d3c67db2-1b1a-11e7-b09e-037021c4f8df\",\"type\":\"max\",\"field\":\"system.diskio.read.bytes\"},{\"unit\":\"1s\",\"id\":\"f55b9910-1b1a-11e7-b09e-037021c4f8df\",\"type\":\"derivative\",\"field\":\"d3c67db2-1b1a-11e7-b09e-037021c4f8df\"},{\"unit\":\"\",\"id\":\"dcbbb100-1b93-11e7-8ada-3df93aab833e\",\"type\":\"positive_only\",\"field\":\"f55b9910-1b1a-11e7-b09e-037021c4f8df\"}],\"seperate_axis\":0,\"axis_position\":\"right\",\"formatter\":\"bytes\",\"chart_type\":\"line\",\"line_width\":1,\"point_size\":\"0\",\"fill\":\"1\",\"stacked\":\"none\",\"label\":\"reads\",\"value_template\":\"{{value}}/s\"},{\"id\":\"144124d0-1b1b-11e7-b09e-037021c4f8df\",\"color\":\"rgba(251,158,0,1)\",\"split_mode\":\"everything\",\"metrics\":[{\"id\":\"144124d1-1b1b-11e7-b09e-037021c4f8df\",\"type\":\"max\",\"field\":\"system.diskio.write.bytes\"},{\"unit\":\"1s\",\"id\":\"144124d2-1b1b-11e7-b09e-037021c4f8df\",\"type\":\"derivative\",\"field\":\"144124d1-1b1b-11e7-b09e-037021c4f8df\"},{\"script\":\"params.rate > 0 ? params.rate * -1 : 0\",\"id\":\"144124d4-1b1b-11e7-b09e-037021c4f8df\",\"type\":\"calculation\",\"variables\":[{\"id\":\"144124d3-1b1b-11e7-b09e-037021c4f8df\",\"name\":\"rate\",\"field\":\"144124d2-1b1b-11e7-b09e-037021c4f8df\"}]}],\"seperate_axis\":0,\"axis_position\":\"right\",\"formatter\":\"bytes\",\"chart_type\":\"line\",\"line_width\":1,\"point_size\":\"0\",\"fill\":\"1\",\"stacked\":\"none\",\"label\":\"writes\",\"value_template\":\"{{value}}/s\"}],\"time_field\":\"@timestamp\",\"index_pattern\":\"metricbeat-*\",\"interval\":\"auto\",\"axis_position\":\"left\",\"axis_formatter\":\"number\",\"show_legend\":1,\"filter\":\"\"},\"aggs\":[],\"listeners\":{}}",
  "description": "",
  "title": "Metricbeat: Disk IO (Bytes)",
  "uiStateJSON": "{}",
  "version": 1,
  "kibanaSavedObjectMeta": {
    "searchSourceJSON": "{\"query\":{\"query_string\":{\"query\":\"*\"}},\"filter\":[]}"
  }
}
