{
  "visState": "{\"title\":\"Kubernetes - Top memory intensive pods\",\"type\":\"metrics\",\"params\":{\"id\":\"5d3692a0-2bfc-11e7-859b-f78b612cde28\",\"type\":\"top_n\",\"series\":[{\"id\":\"5d3692a1-2bfc-11e7-859b-f78b612cde28\",\"color\":\"#68BC00\",\"split_mode\":\"terms\",\"metrics\":[{\"id\":\"5d3692a2-2bfc-11e7-859b-f78b612cde28\",\"type\":\"sum\",\"field\":\"kubernetes.container.memory.usage.bytes\"}],\"seperate_axis\":0,\"axis_position\":\"right\",\"formatter\":\"bytes\",\"chart_type\":\"line\",\"line_width\":1,\"point_size\":1,\"fill\":0.5,\"stacked\":\"none\",\"terms_field\":\"kubernetes.pod.name\",\"terms_order_by\":\"5d3692a2-2bfc-11e7-859b-f78b612cde28\",\"value_template\":\"\",\"offset_time\":\"\",\"override_index_pattern\":0,\"terms_size\":\"10\"}],\"time_field\":\"@timestamp\",\"index_pattern\":\"metricbeat-*\",\"interval\":\"auto\",\"axis_position\":\"left\",\"axis_formatter\":\"number\",\"show_legend\":1,\"bar_color_rules\":[{\"id\":\"802104d0-2bfc-11e7-859b-f78b612cde28\"}],\"filter\":\"metricset.module:kubernetes AND metricset.name:container\"},\"aggs\":[],\"listeners\":{}}",
  "description": "",
  "title": "Kubernetes - Top memory intensive pods",
  "uiStateJSON": "{}",
  "version": 1,
  "kibanaSavedObjectMeta": {
    "searchSourceJSON": "{\"query\":{\"query_string\":{\"query\":\"*\"}},\"filter\":[]}"
  }
}
