{
  "visState": "{\"title\":\"Metricbeat: CPU Usage\",\"type\":\"metrics\",\"params\":{\"id\":\"80a04950-1b19-11e7-b09e-037021c4f8df\",\"type\":\"timeseries\",\"series\":[{\"id\":\"80a04951-1b19-11e7-b09e-037021c4f8df\",\"color\":\"#68BC00\",\"split_mode\":\"everything\",\"metrics\":[{\"id\":\"80a04952-1b19-11e7-b09e-037021c4f8df\",\"type\":\"avg\",\"field\":\"system.cpu.user.pct\"}],\"seperate_axis\":0,\"axis_position\":\"right\",\"formatter\":\"percent\",\"chart_type\":\"line\",\"line_width\":1,\"point_size\":\"0\",\"fill\":\"1\",\"stacked\":\"stacked\",\"label\":\"user\"},{\"id\":\"993acf30-1b19-11e7-b09e-037021c4f8df\",\"color\":\"rgba(211,49,21,1)\",\"split_mode\":\"everything\",\"metrics\":[{\"id\":\"993acf31-1b19-11e7-b09e-037021c4f8df\",\"type\":\"avg\",\"field\":\"system.cpu.system.pct\"}],\"seperate_axis\":0,\"axis_position\":\"right\",\"formatter\":\"percent\",\"chart_type\":\"line\",\"line_width\":1,\"point_size\":\"0\",\"fill\":\"1\",\"stacked\":\"stacked\",\"label\":\"system\"},{\"id\":\"65ca35e0-1b1a-11e7-b09e-037021c4f8df\",\"color\":\"rgba(123,100,255,1)\",\"split_mode\":\"everything\",\"metrics\":[{\"id\":\"65ca5cf0-1b1a-11e7-b09e-037021c4f8df\",\"type\":\"avg\",\"field\":\"system.cpu.nice.pct\"}],\"seperate_axis\":0,\"axis_position\":\"right\",\"formatter\":\"percent\",\"chart_type\":\"line\",\"line_width\":1,\"point_size\":\"0\",\"fill\":\"1\",\"stacked\":\"stacked\",\"label\":\"nice\"},{\"id\":\"741b5f20-1b1a-11e7-b09e-037021c4f8df\",\"color\":\"rgba(226,115,0,1)\",\"split_mode\":\"everything\",\"metrics\":[{\"id\":\"741b5f21-1b1a-11e7-b09e-037021c4f8df\",\"type\":\"avg\",\"field\":\"system.cpu.irq.pct\"}],\"seperate_axis\":0,\"axis_position\":\"right\",\"formatter\":\"percent\",\"chart_type\":\"line\",\"line_width\":1,\"point_size\":\"0\",\"fill\":\"1\",\"stacked\":\"stacked\",\"label\":\"irq\"},{\"id\":\"2efc5d40-1b1a-11e7-b09e-037021c4f8df\",\"color\":\"rgba(176,188,0,1)\",\"split_mode\":\"everything\",\"metrics\":[{\"id\":\"2efc5d41-1b1a-11e7-b09e-037021c4f8df\",\"type\":\"avg\",\"field\":\"system.cpu.softirq.pct\"}],\"seperate_axis\":0,\"axis_position\":\"right\",\"formatter\":\"percent\",\"chart_type\":\"line\",\"line_width\":1,\"point_size\":\"0\",\"fill\":\"1\",\"stacked\":\"stacked\",\"label\":\"softirq\"},{\"id\":\"ae644a30-1b19-11e7-b09e-037021c4f8df\",\"color\":\"rgba(15,20,25,1)\",\"split_mode\":\"everything\",\"metrics\":[{\"id\":\"ae644a31-1b19-11e7-b09e-037021c4f8df\",\"type\":\"avg\",\"field\":\"system.cpu.iowait.pct\"}],\"seperate_axis\":0,\"axis_position\":\"right\",\"formatter\":\"percent\",\"chart_type\":\"line\",\"line_width\":1,\"point_size\":\"0\",\"fill\":\"1\",\"stacked\":\"stacked\",\"label\":\"iowait\"}],\"time_field\":\"@timestamp\",\"index_pattern\":\"metricbeat-*\",\"interval\":\"auto\",\"axis_position\":\"left\",\"axis_formatter\":\"number\",\"show_legend\":1},\"aggs\":[],\"listeners\":{}}",
  "description": "",
  "title": "Metricbeat: CPU Usage",
  "uiStateJSON": "{}",
  "version": 1,
  "kibanaSavedObjectMeta": {
    "searchSourceJSON": "{\"query\":{\"query_string\":{\"query\":\"*\"}},\"filter\":[]}"
  }
}
