{
  "visState": "{\"title\":\"Metricbeat: Memory Usage\",\"type\":\"metrics\",\"params\":{\"id\":\"32f46f40-1b16-11e7-b09e-037021c4f8df\",\"type\":\"timeseries\",\"series\":[{\"id\":\"4ff61fd0-1b16-11e7-b09e-037021c4f8df\",\"color\":\"rgba(211,49,21,1)\",\"split_mode\":\"everything\",\"metrics\":[{\"id\":\"4ff61fd1-1b16-11e7-b09e-037021c4f8df\",\"type\":\"avg\",\"field\":\"system.memory.actual.used.bytes\"}],\"seperate_axis\":0,\"axis_position\":\"right\",\"formatter\":\"bytes\",\"chart_type\":\"line\",\"line_width\":1,\"point_size\":\"0\",\"fill\":\"1\",\"stacked\":\"stacked\",\"label\":\"Used\"},{\"id\":\"753a6080-1b16-11e7-b09e-037021c4f8df\",\"color\":\"rgba(0,156,224,1)\",\"split_mode\":\"everything\",\"metrics\":[{\"id\":\"753a6081-1b16-11e7-b09e-037021c4f8df\",\"type\":\"avg\",\"field\":\"system.memory.actual.used.bytes\"},{\"id\":\"7c9d3f00-1b16-11e7-b09e-037021c4f8df\",\"type\":\"avg\",\"field\":\"system.memory.used.bytes\"},{\"script\":\"params.actual != null && params.used != null ? params.used - params.actual : null\",\"id\":\"869cc160-1b16-11e7-b09e-037021c4f8df\",\"type\":\"calculation\",\"variables\":[{\"id\":\"890f9620-1b16-11e7-b09e-037021c4f8df\",\"name\":\"actual\",\"field\":\"753a6081-1b16-11e7-b09e-037021c4f8df\"},{\"id\":\"8f3ab7f0-1b16-11e7-b09e-037021c4f8df\",\"name\":\"used\",\"field\":\"7c9d3f00-1b16-11e7-b09e-037021c4f8df\"}]}],\"seperate_axis\":0,\"axis_position\":\"right\",\"formatter\":\"bytes\",\"chart_type\":\"line\",\"line_width\":1,\"point_size\":\"0\",\"fill\":\"1\",\"stacked\":\"stacked\",\"label\":\"Cache\"},{\"id\":\"32f46f41-1b16-11e7-b09e-037021c4f8df\",\"color\":\"#68BC00\",\"split_mode\":\"everything\",\"metrics\":[{\"id\":\"32f46f42-1b16-11e7-b09e-037021c4f8df\",\"type\":\"avg\",\"field\":\"system.memory.free\"}],\"seperate_axis\":0,\"axis_position\":\"right\",\"formatter\":\"bytes\",\"chart_type\":\"line\",\"line_width\":1,\"point_size\":\"0\",\"fill\":\"1\",\"stacked\":\"stacked\",\"label\":\"Free\"}],\"time_field\":\"@timestamp\",\"index_pattern\":\"metricbeat-*\",\"interval\":\"auto\",\"axis_position\":\"left\",\"axis_formatter\":\"number\",\"show_legend\":1},\"aggs\":[],\"listeners\":{}}",
  "description": "",
  "title": "Metricbeat: Memory Usage",
  "uiStateJSON": "{}",
  "version": 1,
  "kibanaSavedObjectMeta": {
    "searchSourceJSON": "{\"query\":{\"query_string\":{\"query\":\"*\"}},\"filter\":[]}"
  }
}
