{
    "objects": [
        {
            "attributes": {
                "description": "", 
                "kibanaSavedObjectMeta": {
                    "searchSourceJSON": "{\"filter\": [], \"query\": {\"query_string\": {\"query\": \"*\"}}}"
                }, 
                "title": "Network Traffic (Packets) [Metricbeat System]", 
                "uiStateJSON": "{}", 
                "version": 1, 
                "visState": "{\"type\": \"metrics\", \"listeners\": {}, \"params\": {\"time_field\": \"@timestamp\", \"series\": [{\"line_width\": \"0\", \"terms_field\": \"system.network.name\", \"point_size\": \"0\", \"color\": \"rgba(0,156,224,1)\", \"value_template\": \"{{value}}/s\", \"label\": \"Inbound\", \"metrics\": [{\"field\": \"system.network.in.packets\", \"type\": \"max\", \"id\": \"da1046f2-faa0-11e6-86b1-cd7735ff7e23\"}, {\"field\": \"da1046f2-faa0-11e6-86b1-cd7735ff7e23\", \"type\": \"derivative\", \"id\": \"f41f9280-faa0-11e6-86b1-cd7735ff7e23\", \"unit\": \"1s\"}, {\"field\": \"f41f9280-faa0-11e6-86b1-cd7735ff7e23\", \"type\": \"positive_only\", \"id\": \"c0da3d80-1b93-11e7-8ada-3df93aab833e\", \"unit\": \"\"}, {\"function\": \"sum\", \"type\": \"series_agg\", \"id\": \"ecaad010-2c2c-11e7-be71-3162da85303f\"}], \"seperate_axis\": 0, \"split_mode\": \"terms\", \"chart_type\": \"line\", \"stacked\": \"none\", \"axis_position\": \"right\", \"formatter\": \"0.[00]a\", \"id\": \"da1046f1-faa0-11e6-86b1-cd7735ff7e23\", \"fill\": \"1\"}, {\"line_width\": \"0\", \"terms_field\": \"system.network.name\", \"point_size\": \"0\", \"color\": \"rgba(250,40,255,1)\", \"value_template\": \"{{value}}/s\", \"label\": \"Outbound\", \"metrics\": [{\"field\": \"system.network.out.packets\", \"type\": \"max\", \"id\": \"fbbd7e30-faa0-11e6-86b1-cd7735ff7e23\"}, {\"field\": \"fbbd7e30-faa0-11e6-86b1-cd7735ff7e23\", \"type\": \"derivative\", \"id\": \"fbbd7e31-faa0-11e6-86b1-cd7735ff7e23\", \"unit\": \"1s\"}, {\"variables\": [{\"field\": \"fbbd7e31-faa0-11e6-86b1-cd7735ff7e23\", \"id\": \"1940bad0-faa1-11e6-86b1-cd7735ff7e23\", \"name\": \"rate\"}], \"type\": \"calculation\", \"id\": \"17e597a0-faa1-11e6-86b1-cd7735ff7e23\", \"script\": \"params.rate != null && params.rate > 0 ? params.rate * -1 : null\"}, {\"function\": \"sum\", \"type\": \"series_agg\", \"id\": \"fe5fbdc0-2c2c-11e7-be71-3162da85303f\"}], \"seperate_axis\": 0, \"split_mode\": \"terms\", \"chart_type\": \"line\", \"stacked\": \"none\", \"axis_position\": \"right\", \"formatter\": \"0.[00]a\", \"id\": \"fbbd5720-faa0-11e6-86b1-cd7735ff7e23\", \"fill\": \"1\"}], \"axis_formatter\": \"number\", \"interval\": \"auto\", \"id\": \"da1046f0-faa0-11e6-86b1-cd7735ff7e23\", \"filter\": \"-system.network.name:l*\", \"show_legend\": 1, \"index_pattern\": \"*\", \"type\": \"timeseries\", \"axis_position\": \"left\"}, \"aggs\": [], \"title\": \"Mericbeat: Network Traffic (Packets)\"}"
            }, 
            "id": "6b7b9a40-faa1-11e6-86b1-cd7735ff7e23", 
            "type": "visualization", 
            "version": 1
        }, 
        {
            "attributes": {
                "description": "", 
                "kibanaSavedObjectMeta": {
                    "searchSourceJSON": "{\"filter\": [], \"query\": {\"query\": {\"query_string\": {\"query\": \"*\"}}, \"language\": \"lucene\"}}"
                }, 
                "title": "System Load [Metricbeat System]", 
                "uiStateJSON": "{}", 
                "version": 1, 
                "visState": "{\"type\": \"metrics\", \"params\": {\"time_field\": \"@timestamp\", \"series\": [{\"line_width\": \"3\", \"point_size\": 1, \"color\": \"rgba(115,216,255,1)\", \"label\": \"1m\", \"metrics\": [{\"field\": \"system.load.1\", \"type\": \"avg\", \"id\": \"f62671e1-1b14-11e7-b09e-037021c4f8df\"}], \"seperate_axis\": 0, \"split_mode\": \"everything\", \"chart_type\": \"line\", \"stacked\": \"none\", \"axis_position\": \"right\", \"formatter\": \"number\", \"id\": \"f62671e0-1b14-11e7-b09e-037021c4f8df\", \"fill\": \"0\"}, {\"line_width\": \"3\", \"point_size\": \"0\", \"color\": \"rgba(0,156,224,1)\", \"label\": \"5m\", \"metrics\": [{\"field\": \"system.load.5\", \"type\": \"avg\", \"id\": \"1c324851-1b15-11e7-b09e-037021c4f8df\"}], \"seperate_axis\": 0, \"split_mode\": \"everything\", \"chart_type\": \"line\", \"stacked\": \"none\", \"axis_position\": \"right\", \"formatter\": \"number\", \"id\": \"1c324850-1b15-11e7-b09e-037021c4f8df\", \"fill\": \"0\"}, {\"line_width\": \"3\", \"point_size\": \"0\", \"color\": \"rgba(0,98,177,1)\", \"label\": \"15m\", \"metrics\": [{\"field\": \"system.load.15\", \"type\": \"avg\", \"id\": \"32880e50-1b15-11e7-b09e-037021c4f8df\"}], \"seperate_axis\": 0, \"split_mode\": \"everything\", \"chart_type\": \"line\", \"stacked\": \"none\", \"axis_position\": \"right\", \"formatter\": \"number\", \"id\": \"3287e740-1b15-11e7-b09e-037021c4f8df\", \"fill\": \"0\"}], \"axis_formatter\": \"number\", \"interval\": \"auto\", \"id\": \"f6264ad0-1b14-11e7-b09e-037021c4f8df\", \"show_legend\": 1, \"show_grid\": 1, \"index_pattern\": \"metricbeat-*\", \"type\": \"timeseries\", \"axis_position\": \"left\"}, \"aggs\": [], \"title\": \"System Load [Metricbeat System]\"}"
            }, 
            "id": "4d546850-1b15-11e7-b09e-037021c4f8df", 
            "type": "visualization", 
            "version": 1
        }, 
        {
            "attributes": {
                "description": "", 
                "kibanaSavedObjectMeta": {
                    "searchSourceJSON": "{\"filter\": [], \"query\": {\"query_string\": {\"query\": \"*\"}}}"
                }, 
                "title": "Network Traffic (Bytes) [Metricbeat System]", 
                "uiStateJSON": "{}", 
                "version": 1, 
                "visState": "{\"type\": \"metrics\", \"listeners\": {}, \"params\": {\"time_field\": \"@timestamp\", \"series\": [{\"line_width\": \"0\", \"terms_field\": \"system.network.name\", \"point_size\": \"0\", \"color\": \"rgba(0,156,224,1)\", \"value_template\": \"{{value}}/s\", \"label\": \"Inbound \", \"metrics\": [{\"field\": \"system.network.in.bytes\", \"type\": \"max\", \"id\": \"da1046f2-faa0-11e6-86b1-cd7735ff7e23\"}, {\"field\": \"da1046f2-faa0-11e6-86b1-cd7735ff7e23\", \"type\": \"derivative\", \"id\": \"f41f9280-faa0-11e6-86b1-cd7735ff7e23\", \"unit\": \"1s\"}, {\"field\": \"f41f9280-faa0-11e6-86b1-cd7735ff7e23\", \"type\": \"positive_only\", \"id\": \"a87398e0-1b93-11e7-8ada-3df93aab833e\", \"unit\": \"\"}, {\"function\": \"sum\", \"type\": \"series_agg\", \"id\": \"2d533df0-2c2d-11e7-be71-3162da85303f\"}], \"seperate_axis\": 0, \"split_mode\": \"terms\", \"chart_type\": \"line\", \"stacked\": \"none\", \"axis_position\": \"right\", \"formatter\": \"bytes\", \"id\": \"da1046f1-faa0-11e6-86b1-cd7735ff7e23\", \"fill\": \"1\"}, {\"line_width\": \"0\", \"terms_field\": \"system.network.name\", \"point_size\": \"0\", \"color\": \"rgba(250,40,255,1)\", \"value_template\": \"{{value}}/s\", \"label\": \"Outbound \", \"metrics\": [{\"field\": \"system.network.out.bytes\", \"type\": \"max\", \"id\": \"fbbd7e30-faa0-11e6-86b1-cd7735ff7e23\"}, {\"field\": \"fbbd7e30-faa0-11e6-86b1-cd7735ff7e23\", \"type\": \"derivative\", \"id\": \"fbbd7e31-faa0-11e6-86b1-cd7735ff7e23\", \"unit\": \"1s\"}, {\"variables\": [{\"field\": \"fbbd7e31-faa0-11e6-86b1-cd7735ff7e23\", \"id\": \"1940bad0-faa1-11e6-86b1-cd7735ff7e23\", \"name\": \"rate\"}], \"type\": \"calculation\", \"id\": \"17e597a0-faa1-11e6-86b1-cd7735ff7e23\", \"script\": \"params.rate != null && params.rate > 0 ? params.rate * -1 : null\"}, {\"function\": \"sum\", \"type\": \"series_agg\", \"id\": \"533da9b0-2c2d-11e7-be71-3162da85303f\"}], \"seperate_axis\": 0, \"split_mode\": \"terms\", \"chart_type\": \"line\", \"stacked\": \"none\", \"axis_position\": \"right\", \"formatter\": \"bytes\", \"id\": \"fbbd5720-faa0-11e6-86b1-cd7735ff7e23\", \"fill\": \"1\"}], \"axis_formatter\": \"number\", \"interval\": \"auto\", \"id\": \"da1046f0-faa0-11e6-86b1-cd7735ff7e23\", \"filter\": \"-system.network.name:l*\", \"show_legend\": 1, \"index_pattern\": \"*\", \"type\": \"timeseries\", \"axis_position\": \"left\"}, \"aggs\": [], \"title\": \"Mericbeat: Network Traffic (Bytes)\"}"
            }, 
            "id": "089b85d0-1b16-11e7-b09e-037021c4f8df", 
            "type": "visualization", 
            "version": 1
        }, 
        {
            "attributes": {
                "description": "", 
                "kibanaSavedObjectMeta": {
                    "searchSourceJSON": "{\"filter\": [], \"query\": {\"query\": {\"query_string\": {\"query\": \"*\"}}, \"language\": \"lucene\"}}"
                }, 
                "title": "Memory Usage [Metricbeat System]", 
                "uiStateJSON": "{}", 
                "version": 1, 
                "visState": "{\"type\": \"metrics\", \"params\": {\"time_field\": \"@timestamp\", \"series\": [{\"line_width\": 1, \"point_size\": \"0\", \"color\": \"rgba(211,49,21,1)\", \"label\": \"Used\", \"metrics\": [{\"field\": \"system.memory.actual.used.bytes\", \"type\": \"avg\", \"id\": \"4ff61fd1-1b16-11e7-b09e-037021c4f8df\"}], \"seperate_axis\": 0, \"split_mode\": \"everything\", \"chart_type\": \"line\", \"stacked\": \"stacked\", \"axis_position\": \"right\", \"formatter\": \"bytes\", \"id\": \"4ff61fd0-1b16-11e7-b09e-037021c4f8df\", \"fill\": \"1\"}, {\"line_width\": 1, \"point_size\": \"0\", \"color\": \"rgba(0,156,224,1)\", \"label\": \"Cache\", \"metrics\": [{\"field\": \"system.memory.actual.used.bytes\", \"type\": \"avg\", \"id\": \"753a6081-1b16-11e7-b09e-037021c4f8df\"}, {\"field\": \"system.memory.used.bytes\", \"type\": \"avg\", \"id\": \"7c9d3f00-1b16-11e7-b09e-037021c4f8df\"}, {\"variables\": [{\"field\": \"753a6081-1b16-11e7-b09e-037021c4f8df\", \"id\": \"890f9620-1b16-11e7-b09e-037021c4f8df\", \"name\": \"actual\"}, {\"field\": \"7c9d3f00-1b16-11e7-b09e-037021c4f8df\", \"id\": \"8f3ab7f0-1b16-11e7-b09e-037021c4f8df\", \"name\": \"used\"}], \"type\": \"calculation\", \"id\": \"869cc160-1b16-11e7-b09e-037021c4f8df\", \"script\": \"params.actual != null && params.used != null ? params.used - params.actual : null\"}], \"seperate_axis\": 0, \"split_mode\": \"everything\", \"chart_type\": \"line\", \"stacked\": \"stacked\", \"axis_position\": \"right\", \"formatter\": \"bytes\", \"id\": \"753a6080-1b16-11e7-b09e-037021c4f8df\", \"fill\": \"1\"}, {\"line_width\": 1, \"point_size\": \"0\", \"color\": \"#68BC00\", \"label\": \"Free\", \"metrics\": [{\"field\": \"system.memory.free\", \"type\": \"avg\", \"id\": \"32f46f42-1b16-11e7-b09e-037021c4f8df\"}], \"seperate_axis\": 0, \"split_mode\": \"everything\", \"chart_type\": \"line\", \"stacked\": \"stacked\", \"axis_position\": \"right\", \"formatter\": \"bytes\", \"id\": \"32f46f41-1b16-11e7-b09e-037021c4f8df\", \"fill\": \"1\"}], \"axis_formatter\": \"number\", \"interval\": \"auto\", \"id\": \"32f46f40-1b16-11e7-b09e-037021c4f8df\", \"show_legend\": 1, \"show_grid\": 1, \"index_pattern\": \"metricbeat-*\", \"type\": \"timeseries\", \"axis_position\": \"left\"}, \"aggs\": [], \"title\": \"Memory Usage [Metricbeat System]\"}"
            }, 
            "id": "bfa5e400-1b16-11e7-b09e-037021c4f8df", 
            "type": "visualization", 
            "version": 1
        }, 
        {
            "attributes": {
                "description": "", 
                "kibanaSavedObjectMeta": {
                    "searchSourceJSON": "{\"filter\": [], \"query\": {\"query\": {\"query_string\": {\"query\": \"*\"}}, \"language\": \"lucene\"}}"
                }, 
                "title": "Top Processes By CPU [Metricbeat System]", 
                "uiStateJSON": "{}", 
                "version": 1, 
                "visState": "{\"type\": \"metrics\", \"params\": {\"bar_color_rules\": [{\"bar_color\": \"rgba(104,188,0,1)\", \"id\": \"60e11be0-1b18-11e7-b09e-037021c4f8df\", \"value\": 0, \"opperator\": \"gte\"}], \"index_pattern\": \"metricbeat-*\", \"time_field\": \"@timestamp\", \"series\": [{\"line_width\": 1, \"terms_field\": \"system.process.name\", \"point_size\": 1, \"color\": \"#68BC00\", \"metrics\": [{\"field\": \"system.process.cpu.total.pct\", \"type\": \"avg\", \"id\": \"5f5b8d52-1b18-11e7-b09e-037021c4f8df\"}], \"seperate_axis\": 0, \"split_mode\": \"terms\", \"chart_type\": \"line\", \"terms_order_by\": \"5f5b8d52-1b18-11e7-b09e-037021c4f8df\", \"stacked\": \"none\", \"axis_position\": \"right\", \"formatter\": \"percent\", \"id\": \"5f5b8d51-1b18-11e7-b09e-037021c4f8df\", \"fill\": 0.5}], \"axis_formatter\": \"number\", \"interval\": \"auto\", \"filter\": \"\", \"show_legend\": 1, \"drilldown_url\": \"\", \"show_grid\": 1, \"axis_position\": \"left\", \"type\": \"top_n\", \"id\": \"5f5b8d50-1b18-11e7-b09e-037021c4f8df\"}, \"aggs\": [], \"title\": \"Top Processes By CPU [Metricbeat System]\"}"
            }, 
            "id": "e0f001c0-1b18-11e7-b09e-037021c4f8df", 
            "type": "visualization", 
            "version": 1
        }, 
        {
            "attributes": {
                "description": "", 
                "kibanaSavedObjectMeta": {
                    "searchSourceJSON": "{\"filter\": [], \"query\": {\"query\": {\"query_string\": {\"query\": \"*\"}}, \"language\": \"lucene\"}}"
                }, 
                "title": "Processes By Memory [Metricbeat System]", 
                "uiStateJSON": "{}", 
                "version": 1, 
                "visState": "{\"type\": \"metrics\", \"params\": {\"bar_color_rules\": [{\"bar_color\": \"rgba(104,188,0,1)\", \"id\": \"efb9b660-1b18-11e7-b09e-037021c4f8df\", \"value\": 0, \"opperator\": \"gte\"}, {\"bar_color\": \"rgba(254,146,0,1)\", \"id\": \"17fcb820-1b19-11e7-b09e-037021c4f8df\", \"value\": 0.7, \"opperator\": \"gte\"}, {\"bar_color\": \"rgba(211,49,21,1)\", \"id\": \"1dd61070-1b19-11e7-b09e-037021c4f8df\", \"value\": 0.85, \"opperator\": \"gte\"}], \"index_pattern\": \"metricbeat-*\", \"time_field\": \"@timestamp\", \"series\": [{\"line_width\": 1, \"terms_field\": \"system.process.name\", \"point_size\": 1, \"color\": \"#68BC00\", \"metrics\": [{\"field\": \"system.process.memory.rss.pct\", \"type\": \"avg\", \"id\": \"edfceb32-1b18-11e7-b09e-037021c4f8df\"}], \"seperate_axis\": 0, \"split_mode\": \"terms\", \"chart_type\": \"line\", \"terms_order_by\": \"edfceb32-1b18-11e7-b09e-037021c4f8df\", \"stacked\": \"none\", \"axis_position\": \"right\", \"formatter\": \"percent\", \"id\": \"edfceb31-1b18-11e7-b09e-037021c4f8df\", \"fill\": 0.5}], \"axis_formatter\": \"number\", \"interval\": \"auto\", \"filter\": \"\", \"show_legend\": 1, \"drilldown_url\": \"\", \"show_grid\": 1, \"axis_position\": \"left\", \"type\": \"top_n\", \"id\": \"edfceb30-1b18-11e7-b09e-037021c4f8df\"}, \"aggs\": [], \"title\": \"Processes By Memory [Metricbeat System]\"}"
            }, 
            "id": "2e224660-1b19-11e7-b09e-037021c4f8df", 
            "type": "visualization", 
            "version": 1
        }, 
        {
            "attributes": {
                "description": "", 
                "kibanaSavedObjectMeta": {
                    "searchSourceJSON": "{\"filter\": [], \"query\": {\"query\": {\"query_string\": {\"query\": \"*\"}}, \"language\": \"lucene\"}}"
                }, 
                "title": "CPU Usage [Metricbeat System]", 
                "uiStateJSON": "{}", 
                "version": 1, 
                "visState": "{\"type\": \"metrics\", \"params\": {\"time_field\": \"@timestamp\", \"series\": [{\"line_width\": 1, \"point_size\": \"0\", \"color\": \"#68BC00\", \"label\": \"user\", \"metrics\": [{\"field\": \"system.cpu.user.pct\", \"type\": \"avg\", \"id\": \"80a04952-1b19-11e7-b09e-037021c4f8df\"}], \"seperate_axis\": 0, \"split_mode\": \"everything\", \"chart_type\": \"line\", \"stacked\": \"stacked\", \"axis_position\": \"right\", \"formatter\": \"percent\", \"id\": \"80a04951-1b19-11e7-b09e-037021c4f8df\", \"fill\": \"1\"}, {\"line_width\": 1, \"point_size\": \"0\", \"color\": \"rgba(211,49,21,1)\", \"label\": \"system\", \"metrics\": [{\"field\": \"system.cpu.system.pct\", \"type\": \"avg\", \"id\": \"993acf31-1b19-11e7-b09e-037021c4f8df\"}], \"seperate_axis\": 0, \"split_mode\": \"everything\", \"chart_type\": \"line\", \"stacked\": \"stacked\", \"axis_position\": \"right\", \"formatter\": \"percent\", \"id\": \"993acf30-1b19-11e7-b09e-037021c4f8df\", \"fill\": \"1\"}, {\"line_width\": 1, \"point_size\": \"0\", \"color\": \"rgba(123,100,255,1)\", \"label\": \"nice\", \"metrics\": [{\"field\": \"system.cpu.nice.pct\", \"type\": \"avg\", \"id\": \"65ca5cf0-1b1a-11e7-b09e-037021c4f8df\"}], \"seperate_axis\": 0, \"split_mode\": \"everything\", \"chart_type\": \"line\", \"stacked\": \"stacked\", \"axis_position\": \"right\", \"formatter\": \"percent\", \"id\": \"65ca35e0-1b1a-11e7-b09e-037021c4f8df\", \"fill\": \"1\"}, {\"line_width\": 1, \"point_size\": \"0\", \"color\": \"rgba(226,115,0,1)\", \"label\": \"irq\", \"metrics\": [{\"field\": \"system.cpu.irq.pct\", \"type\": \"avg\", \"id\": \"741b5f21-1b1a-11e7-b09e-037021c4f8df\"}], \"seperate_axis\": 0, \"split_mode\": \"everything\", \"chart_type\": \"line\", \"stacked\": \"stacked\", \"axis_position\": \"right\", \"formatter\": \"percent\", \"id\": \"741b5f20-1b1a-11e7-b09e-037021c4f8df\", \"fill\": \"1\"}, {\"line_width\": 1, \"point_size\": \"0\", \"color\": \"rgba(176,188,0,1)\", \"label\": \"softirq\", \"metrics\": [{\"field\": \"system.cpu.softirq.pct\", \"type\": \"avg\", \"id\": \"2efc5d41-1b1a-11e7-b09e-037021c4f8df\"}], \"seperate_axis\": 0, \"split_mode\": \"everything\", \"chart_type\": \"line\", \"stacked\": \"stacked\", \"axis_position\": \"right\", \"formatter\": \"percent\", \"id\": \"2efc5d40-1b1a-11e7-b09e-037021c4f8df\", \"fill\": \"1\"}, {\"line_width\": 1, \"point_size\": \"0\", \"color\": \"rgba(15,20,25,1)\", \"label\": \"iowait\", \"metrics\": [{\"field\": \"system.cpu.iowait.pct\", \"type\": \"avg\", \"id\": \"ae644a31-1b19-11e7-b09e-037021c4f8df\"}], \"seperate_axis\": 0, \"split_mode\": \"everything\", \"chart_type\": \"line\", \"stacked\": \"stacked\", \"axis_position\": \"right\", \"formatter\": \"percent\", \"id\": \"ae644a30-1b19-11e7-b09e-037021c4f8df\", \"fill\": \"1\"}], \"axis_formatter\": \"number\", \"interval\": \"auto\", \"id\": \"80a04950-1b19-11e7-b09e-037021c4f8df\", \"show_legend\": 1, \"show_grid\": 1, \"index_pattern\": \"metricbeat-*\", \"type\": \"timeseries\", \"axis_position\": \"left\"}, \"aggs\": [], \"title\": \"CPU Usage [Metricbeat System]\"}"
            }, 
            "id": "ab2d1e90-1b1a-11e7-b09e-037021c4f8df", 
            "type": "visualization", 
            "version": 1
        }, 
        {
            "attributes": {
                "description": "", 
                "kibanaSavedObjectMeta": {
                    "searchSourceJSON": "{\"filter\": [], \"query\": {\"query\": {\"query_string\": {\"query\": \"*\"}}, \"language\": \"lucene\"}}"
                }, 
                "title": "Disk IO (Bytes) [Metricbeat System]", 
                "uiStateJSON": "{}", 
                "version": 1, 
                "visState": "{\"type\": \"metrics\", \"params\": {\"time_field\": \"@timestamp\", \"series\": [{\"line_width\": 1, \"point_size\": \"0\", \"color\": \"rgba(22,165,165,1)\", \"value_template\": \"{{value}}/s\", \"label\": \"reads\", \"metrics\": [{\"field\": \"system.diskio.read.bytes\", \"type\": \"max\", \"id\": \"d3c67db2-1b1a-11e7-b09e-037021c4f8df\"}, {\"field\": \"d3c67db2-1b1a-11e7-b09e-037021c4f8df\", \"type\": \"derivative\", \"id\": \"f55b9910-1b1a-11e7-b09e-037021c4f8df\", \"unit\": \"1s\"}, {\"field\": \"f55b9910-1b1a-11e7-b09e-037021c4f8df\", \"type\": \"positive_only\", \"id\": \"dcbbb100-1b93-11e7-8ada-3df93aab833e\", \"unit\": \"\"}], \"seperate_axis\": 0, \"split_mode\": \"everything\", \"chart_type\": \"line\", \"stacked\": \"none\", \"axis_position\": \"right\", \"formatter\": \"bytes\", \"id\": \"d3c67db1-1b1a-11e7-b09e-037021c4f8df\", \"fill\": \"1\"}, {\"line_width\": 1, \"point_size\": \"0\", \"color\": \"rgba(251,158,0,1)\", \"value_template\": \"{{value}}/s\", \"label\": \"writes\", \"metrics\": [{\"field\": \"system.diskio.write.bytes\", \"type\": \"max\", \"id\": \"144124d1-1b1b-11e7-b09e-037021c4f8df\"}, {\"field\": \"144124d1-1b1b-11e7-b09e-037021c4f8df\", \"type\": \"derivative\", \"id\": \"144124d2-1b1b-11e7-b09e-037021c4f8df\", \"unit\": \"1s\"}, {\"variables\": [{\"field\": \"144124d2-1b1b-11e7-b09e-037021c4f8df\", \"id\": \"144124d3-1b1b-11e7-b09e-037021c4f8df\", \"name\": \"rate\"}], \"type\": \"calculation\", \"id\": \"144124d4-1b1b-11e7-b09e-037021c4f8df\", \"script\": \"params.rate > 0 ? params.rate * -1 : 0\"}], \"seperate_axis\": 0, \"split_mode\": \"everything\", \"chart_type\": \"line\", \"stacked\": \"none\", \"axis_position\": \"right\", \"formatter\": \"bytes\", \"id\": \"144124d0-1b1b-11e7-b09e-037021c4f8df\", \"fill\": \"1\"}], \"axis_formatter\": \"number\", \"interval\": \"auto\", \"id\": \"d3c67db0-1b1a-11e7-b09e-037021c4f8df\", \"filter\": \"\", \"show_legend\": 1, \"show_grid\": 1, \"index_pattern\": \"metricbeat-*\", \"type\": \"timeseries\", \"axis_position\": \"left\"}, \"aggs\": [], \"title\": \"Disk IO (Bytes) [Metricbeat System]\"}"
            }, 
            "id": "4e4bb1e0-1b1b-11e7-b09e-037021c4f8df", 
            "type": "visualization", 
            "version": 1
        }, 
        {
            "attributes": {
                "description": "", 
                "kibanaSavedObjectMeta": {
                    "searchSourceJSON": "{\"filter\": [], \"query\": {\"query\": {\"query_string\": {\"query\": \"*\"}}, \"language\": \"lucene\"}}"
                }, 
                "title": "Load Gauge [Metricbeat System]", 
                "uiStateJSON": "{}", 
                "version": 1, 
                "visState": "{\"type\": \"metrics\", \"params\": {\"background_color_rules\": [{\"id\": \"feefabd0-1b90-11e7-bec4-a5e9ec5cab8b\"}], \"index_pattern\": \"metricbeat-*\", \"gauge_inner_width\": 10, \"series\": [{\"line_width\": 1, \"point_size\": 1, \"color\": \"#68BC00\", \"label\": \"5m Load\", \"metrics\": [{\"field\": \"system.load.5\", \"type\": \"avg\", \"id\": \"fdcc6182-1b90-11e7-bec4-a5e9ec5cab8b\"}], \"seperate_axis\": 0, \"split_mode\": \"everything\", \"chart_type\": \"line\", \"stacked\": \"none\", \"axis_position\": \"right\", \"formatter\": \"number\", \"id\": \"fdcc6181-1b90-11e7-bec4-a5e9ec5cab8b\", \"fill\": 0.5}], \"axis_formatter\": \"number\", \"interval\": \"auto\", \"gauge_color_rules\": [{\"id\": \"ffd94880-1b90-11e7-bec4-a5e9ec5cab8b\"}], \"time_field\": \"@timestamp\", \"show_legend\": 1, \"show_grid\": 1, \"gauge_style\": \"half\", \"axis_position\": \"left\", \"gauge_width\": 10, \"type\": \"gauge\", \"id\": \"fdcc6180-1b90-11e7-bec4-a5e9ec5cab8b\"}, \"aggs\": [], \"title\": \"Load Gauge [Metricbeat System]\"}"
            }, 
            "id": "26732e20-1b91-11e7-bec4-a5e9ec5cab8b", 
            "type": "visualization", 
            "version": 1
        }, 
        {
            "attributes": {
                "description": "", 
                "kibanaSavedObjectMeta": {
                    "searchSourceJSON": "{\"filter\": [], \"query\": {\"query\": {\"query_string\": {\"query\": \"*\"}}, \"language\": \"lucene\"}}"
                }, 
                "title": "CPU Usage Gauge [Metricbeat System]", 
                "uiStateJSON": "{}", 
                "version": 1, 
                "visState": "{\"type\": \"metrics\", \"params\": {\"gauge_color_rules\": [{\"gauge\": \"rgba(104,188,0,1)\", \"id\": \"4ef2c3b0-1b91-11e7-bec4-a5e9ec5cab8b\", \"value\": 0, \"opperator\": \"gte\"}, {\"gauge\": \"rgba(254,146,0,1)\", \"id\": \"e6561ae0-1b91-11e7-bec4-a5e9ec5cab8b\", \"value\": 0.7, \"opperator\": \"gte\"}, {\"gauge\": \"rgba(211,49,21,1)\", \"id\": \"ec655040-1b91-11e7-bec4-a5e9ec5cab8b\", \"value\": 0.85, \"opperator\": \"gte\"}], \"index_pattern\": \"metricbeat-*\", \"gauge_inner_width\": 10, \"series\": [{\"line_width\": 1, \"point_size\": 1, \"color\": \"#68BC00\", \"label\": \"CPU Usage\", \"metrics\": [{\"field\": \"system.cpu.user.pct\", \"type\": \"avg\", \"id\": \"4c9e2552-1b91-11e7-bec4-a5e9ec5cab8b\"}, {\"field\": \"system.cpu.system.pct\", \"type\": \"avg\", \"id\": \"225c2140-5fd7-11e7-a63a-a937b7c1a7e1\"}, {\"field\": \"system.cpu.cores\", \"type\": \"avg\", \"id\": \"837a30c0-5fd7-11e7-a63a-a937b7c1a7e1\"}, {\"variables\": [{\"field\": \"4c9e2552-1b91-11e7-bec4-a5e9ec5cab8b\", \"id\": \"5a19af10-1b91-11e7-bec4-a5e9ec5cab8b\", \"name\": \"user\"}, {\"field\": \"225c2140-5fd7-11e7-a63a-a937b7c1a7e1\", \"id\": \"32b54f80-5fd7-11e7-a63a-a937b7c1a7e1\", \"name\": \"system\"}, {\"field\": \"837a30c0-5fd7-11e7-a63a-a937b7c1a7e1\", \"id\": \"8ba6eef0-5fd7-11e7-a63a-a937b7c1a7e1\", \"name\": \"n\"}], \"type\": \"calculation\", \"id\": \"587aa510-1b91-11e7-bec4-a5e9ec5cab8b\", \"script\": \"params.n > 0 ? (params.user+params.system)/params.n : null\"}], \"seperate_axis\": 0, \"split_mode\": \"everything\", \"chart_type\": \"line\", \"stacked\": \"none\", \"axis_position\": \"right\", \"formatter\": \"percent\", \"id\": \"4c9e2551-1b91-11e7-bec4-a5e9ec5cab8b\", \"fill\": 0.5}], \"axis_formatter\": \"number\", \"interval\": \"auto\", \"filter\": \"\", \"time_field\": \"@timestamp\", \"show_legend\": 1, \"show_grid\": 1, \"gauge_style\": \"half\", \"axis_position\": \"left\", \"gauge_width\": 10, \"type\": \"gauge\", \"id\": \"4c9e2550-1b91-11e7-bec4-a5e9ec5cab8b\", \"gauge_max\": \"1\"}, \"aggs\": [], \"title\": \"CPU Usage Gauge [Metricbeat System]\"}"
            }, 
            "id": "83e12df0-1b91-11e7-bec4-a5e9ec5cab8b", 
            "type": "visualization", 
            "version": 2
        }, 
        {
            "attributes": {
                "description": "", 
                "kibanaSavedObjectMeta": {
                    "searchSourceJSON": "{\"filter\": [], \"query\": {\"query\": {\"query_string\": {\"query\": \"*\"}}, \"language\": \"lucene\"}}"
                }, 
                "title": "Memory Usage Gauge [Metricbeat System]", 
                "uiStateJSON": "{}", 
                "version": 1, 
                "visState": "{\"type\": \"metrics\", \"params\": {\"gauge_color_rules\": [{\"gauge\": \"rgba(104,188,0,1)\", \"id\": \"a0d522e0-1b91-11e7-bec4-a5e9ec5cab8b\", \"value\": 0, \"opperator\": \"gte\"}, {\"gauge\": \"rgba(254,146,0,1)\", \"id\": \"b45ad8f0-1b91-11e7-bec4-a5e9ec5cab8b\", \"value\": 0.7, \"opperator\": \"gte\"}, {\"gauge\": \"rgba(211,49,21,1)\", \"id\": \"c06e9550-1b91-11e7-bec4-a5e9ec5cab8b\", \"value\": 0.85, \"opperator\": \"gte\"}], \"index_pattern\": \"metricbeat-*\", \"gauge_inner_width\": 10, \"series\": [{\"line_width\": 1, \"point_size\": 1, \"color\": \"#68BC00\", \"label\": \"Memory Usage\", \"metrics\": [{\"field\": \"system.memory.actual.used.pct\", \"type\": \"avg\", \"id\": \"9f51b732-1b91-11e7-bec4-a5e9ec5cab8b\"}], \"seperate_axis\": 0, \"split_mode\": \"everything\", \"chart_type\": \"line\", \"stacked\": \"none\", \"axis_position\": \"right\", \"formatter\": \"percent\", \"id\": \"9f51b731-1b91-11e7-bec4-a5e9ec5cab8b\", \"fill\": 0.5}], \"axis_formatter\": \"number\", \"interval\": \"auto\", \"filter\": \"\", \"time_field\": \"@timestamp\", \"show_legend\": 1, \"show_grid\": 1, \"gauge_style\": \"half\", \"axis_position\": \"left\", \"gauge_width\": 10, \"type\": \"gauge\", \"id\": \"9f51b730-1b91-11e7-bec4-a5e9ec5cab8b\", \"gauge_max\": \"1\"}, \"aggs\": [], \"title\": \"Memory Usage Gauge [Metricbeat System]\"}"
            }, 
            "id": "d3166e80-1b91-11e7-bec4-a5e9ec5cab8b", 
            "type": "visualization", 
            "version": 2
        }, 
        {
            "attributes": {
                "description": "", 
                "kibanaSavedObjectMeta": {
                    "searchSourceJSON": "{\"filter\": [], \"query\": {\"query\": {\"query_string\": {\"query\": \"*\"}}, \"language\": \"lucene\"}}"
                }, 
                "title": "Inbound Traffic [Metricbeat System]", 
                "uiStateJSON": "{}", 
                "version": 1, 
                "visState": "{\"type\": \"metrics\", \"params\": {\"background_color_rules\": [{\"id\": \"0e346760-1b92-11e7-bec4-a5e9ec5cab8b\"}], \"time_field\": \"@timestamp\", \"series\": [{\"line_width\": 1, \"terms_field\": \"system.network.name\", \"point_size\": 1, \"color\": \"#68BC00\", \"value_template\": \"{{value}}/s\", \"label\": \"Inbound Traffic\", \"metrics\": [{\"field\": \"system.network.in.bytes\", \"type\": \"max\", \"id\": \"0c761592-1b92-11e7-bec4-a5e9ec5cab8b\"}, {\"field\": \"0c761592-1b92-11e7-bec4-a5e9ec5cab8b\", \"type\": \"derivative\", \"id\": \"1d659060-1b92-11e7-bec4-a5e9ec5cab8b\", \"unit\": \"1s\"}, {\"field\": \"1d659060-1b92-11e7-bec4-a5e9ec5cab8b\", \"type\": \"positive_only\", \"id\": \"f2074f70-1b92-11e7-a416-41f5ccdba2e6\", \"unit\": \"\"}, {\"function\": \"sum\", \"type\": \"series_agg\", \"id\": \"c40e18f0-2c55-11e7-a0ad-277ce466684d\"}], \"seperate_axis\": 0, \"split_mode\": \"terms\", \"chart_type\": \"line\", \"stacked\": \"none\", \"axis_position\": \"right\", \"formatter\": \"bytes\", \"id\": \"0c761591-1b92-11e7-bec4-a5e9ec5cab8b\", \"fill\": 0.5}, {\"line_width\": 1, \"terms_field\": \"system.network.name\", \"point_size\": 1, \"color\": \"#68BC00\", \"value_template\": \"{{value}}\", \"label\": \"Total Transferred\", \"metrics\": [{\"field\": \"system.network.in.bytes\", \"type\": \"max\", \"id\": \"37f72b50-1b92-11e7-bec4-a5e9ec5cab8b\"}, {\"field\": \"37f72b50-1b92-11e7-bec4-a5e9ec5cab8b\", \"type\": \"derivative\", \"id\": \"37f72b51-1b92-11e7-bec4-a5e9ec5cab8b\", \"unit\": \"\"}, {\"field\": \"37f72b51-1b92-11e7-bec4-a5e9ec5cab8b\", \"type\": \"positive_only\", \"id\": \"f9da2dd0-1b92-11e7-a416-41f5ccdba2e6\", \"unit\": \"\"}, {\"function\": \"overall_sum\", \"field\": \"f9da2dd0-1b92-11e7-a416-41f5ccdba2e6\", \"sigma\": \"\", \"id\": \"3e63c2f0-1b92-11e7-bec4-a5e9ec5cab8b\", \"type\": \"series_agg\"}], \"seperate_axis\": 0, \"split_mode\": \"terms\", \"chart_type\": \"line\", \"stacked\": \"none\", \"axis_position\": \"right\", \"formatter\": \"bytes\", \"id\": \"37f70440-1b92-11e7-bec4-a5e9ec5cab8b\", \"fill\": 0.5}], \"axis_formatter\": \"number\", \"interval\": \"auto\", \"id\": \"0c761590-1b92-11e7-bec4-a5e9ec5cab8b\", \"filter\": \"-system.network.name:l*\", \"show_legend\": 1, \"show_grid\": 1, \"index_pattern\": \"metricbeat-*\", \"type\": \"metric\", \"axis_position\": \"left\"}, \"aggs\": [], \"title\": \"Inbound Traffic [Metricbeat System]\"}"
            }, 
            "id": "522ee670-1b92-11e7-bec4-a5e9ec5cab8b", 
            "type": "visualization", 
            "version": 2
        }, 
        {
            "attributes": {
                "description": "", 
                "kibanaSavedObjectMeta": {
                    "searchSourceJSON": "{\"filter\": [], \"query\": {\"query\": {\"query_string\": {\"query\": \"*\"}}, \"language\": \"lucene\"}}"
                }, 
                "title": "Outbound Traffic [Metricbeat System]", 
                "uiStateJSON": "{}", 
                "version": 1, 
                "visState": "{\"type\": \"metrics\", \"params\": {\"background_color_rules\": [{\"id\": \"0e346760-1b92-11e7-bec4-a5e9ec5cab8b\"}], \"time_field\": \"@timestamp\", \"series\": [{\"line_width\": 1, \"terms_field\": \"system.network.name\", \"point_size\": 1, \"color\": \"#68BC00\", \"value_template\": \"{{value}}/s\", \"label\": \"Outbound Traffic\", \"metrics\": [{\"field\": \"system.network.out.bytes\", \"type\": \"max\", \"id\": \"0c761592-1b92-11e7-bec4-a5e9ec5cab8b\"}, {\"field\": \"0c761592-1b92-11e7-bec4-a5e9ec5cab8b\", \"type\": \"derivative\", \"id\": \"1d659060-1b92-11e7-bec4-a5e9ec5cab8b\", \"unit\": \"1s\"}, {\"field\": \"1d659060-1b92-11e7-bec4-a5e9ec5cab8b\", \"type\": \"positive_only\", \"id\": \"f2074f70-1b92-11e7-a416-41f5ccdba2e6\", \"unit\": \"\"}, {\"function\": \"sum\", \"type\": \"series_agg\", \"id\": \"a1737470-2c55-11e7-a0ad-277ce466684d\"}], \"seperate_axis\": 0, \"split_mode\": \"terms\", \"chart_type\": \"line\", \"stacked\": \"none\", \"axis_position\": \"right\", \"formatter\": \"bytes\", \"id\": \"0c761591-1b92-11e7-bec4-a5e9ec5cab8b\", \"fill\": 0.5}, {\"line_width\": 1, \"terms_field\": \"system.network.name\", \"point_size\": 1, \"color\": \"#68BC00\", \"value_template\": \"{{value}}\", \"label\": \"Total Transferred\", \"metrics\": [{\"field\": \"system.network.out.bytes\", \"type\": \"max\", \"id\": \"37f72b50-1b92-11e7-bec4-a5e9ec5cab8b\"}, {\"field\": \"37f72b50-1b92-11e7-bec4-a5e9ec5cab8b\", \"type\": \"derivative\", \"id\": \"37f72b51-1b92-11e7-bec4-a5e9ec5cab8b\", \"unit\": \"\"}, {\"field\": \"37f72b51-1b92-11e7-bec4-a5e9ec5cab8b\", \"type\": \"positive_only\", \"id\": \"f9da2dd0-1b92-11e7-a416-41f5ccdba2e6\", \"unit\": \"\"}, {\"function\": \"overall_sum\", \"field\": \"f9da2dd0-1b92-11e7-a416-41f5ccdba2e6\", \"sigma\": \"\", \"id\": \"3e63c2f0-1b92-11e7-bec4-a5e9ec5cab8b\", \"type\": \"series_agg\"}], \"seperate_axis\": 0, \"split_mode\": \"terms\", \"chart_type\": \"line\", \"stacked\": \"none\", \"axis_position\": \"right\", \"formatter\": \"bytes\", \"id\": \"37f70440-1b92-11e7-bec4-a5e9ec5cab8b\", \"fill\": 0.5}], \"axis_formatter\": \"number\", \"interval\": \"auto\", \"id\": \"0c761590-1b92-11e7-bec4-a5e9ec5cab8b\", \"filter\": \"-system.network.name:l*\", \"show_legend\": 1, \"show_grid\": 1, \"index_pattern\": \"metricbeat-*\", \"type\": \"metric\", \"axis_position\": \"left\"}, \"aggs\": [], \"title\": \"Outbound Traffic [Metricbeat System]\"}"
            }, 
            "id": "1aae9140-1b93-11e7-8ada-3df93aab833e", 
            "type": "visualization", 
            "version": 2
        }, 
        {
            "attributes": {
                "description": "", 
                "kibanaSavedObjectMeta": {
                    "searchSourceJSON": "{\"filter\": [], \"query\": {\"query\": {\"query_string\": {\"query\": \"*\"}}, \"language\": \"lucene\"}}"
                }, 
                "title": "Disk Usage [Metricbeat System]", 
                "uiStateJSON": "{}", 
                "version": 1, 
                "visState": "{\"type\": \"metrics\", \"params\": {\"bar_color_rules\": [{\"bar_color\": \"rgba(104,188,0,1)\", \"id\": \"bf525310-1b95-11e7-8ada-3df93aab833e\", \"value\": 0, \"opperator\": \"gte\"}, {\"bar_color\": \"rgba(254,146,0,1)\", \"id\": \"125fc4c0-1b96-11e7-8ada-3df93aab833e\", \"value\": 0.7, \"opperator\": \"gte\"}, {\"bar_color\": \"rgba(211,49,21,1)\", \"id\": \"1a5c7240-1b96-11e7-8ada-3df93aab833e\", \"value\": 0.85, \"opperator\": \"gte\"}], \"index_pattern\": \"metricbeat-*\", \"time_field\": \"@timestamp\", \"series\": [{\"line_width\": 1, \"terms_field\": \"system.filesystem.mount_point\", \"point_size\": 1, \"color\": \"#68BC00\", \"metrics\": [{\"field\": \"system.filesystem.used.pct\", \"type\": \"avg\", \"id\": \"9f7e48a2-1b95-11e7-8ada-3df93aab833e\"}], \"seperate_axis\": 0, \"split_mode\": \"terms\", \"chart_type\": \"line\", \"stacked\": \"none\", \"axis_position\": \"right\", \"formatter\": \"percent\", \"id\": \"9f7e48a1-1b95-11e7-8ada-3df93aab833e\", \"fill\": 0.5}], \"axis_formatter\": \"number\", \"interval\": \"auto\", \"filter\": \"-system.filesystem.mount_point:\\\\/run* AND -system.filesystem.mount_point:\\\\/sys* AND -system.filesystem.mount_point:\\\\/dev* AND -system.filesystem.mount_point:\\\\/proc* AND -system.filesystem.mount_point:\\\\/var* AND -system.filesystem.mount_point:\\\\/boot\", \"show_legend\": 1, \"drilldown_url\": \"\", \"show_grid\": 1, \"axis_position\": \"left\", \"type\": \"top_n\", \"id\": \"9f7e48a0-1b95-11e7-8ada-3df93aab833e\"}, \"aggs\": [], \"title\": \"Disk Usage [Metricbeat System]\"}"
            }, 
            "id": "34f97ee0-1b96-11e7-8ada-3df93aab833e", 
            "type": "visualization", 
            "version": 1
        }, 
        {
            "attributes": {
                "description": "", 
                "kibanaSavedObjectMeta": {
                    "searchSourceJSON": "{\"filter\": [], \"query\": {\"query\": {\"query_string\": {\"analyze_wildcard\": true, \"query\": \"*\"}}, \"language\": \"lucene\"}}"
                }, 
                "title": "System Navigation [Metricbeat System]", 
                "uiStateJSON": "{}", 
                "version": 1, 
                "visState": "{\"type\": \"markdown\", \"params\": {\"markdown\": \"[System Overview](#/dashboard/Metricbeat-system-overview)  | [Host Overview](#/dashboard/79ffd6e0-faa0-11e6-947f-177f697178b8) |\\n[Containers overview](#/dashboard/CPU-slash-Memory-per-container)\", \"fontSize\": 12}, \"aggs\": [], \"title\": \"System Navigation [Metricbeat System]\"}"
            }, 
            "id": "System-Navigation", 
            "type": "visualization", 
            "version": 3
        }, 
        {
            "attributes": {
                "description": "", 
                "kibanaSavedObjectMeta": {
                    "searchSourceJSON": "{\"filter\": [], \"query\": {\"query\": {\"query_string\": {\"query\": \"*\"}}, \"language\": \"lucene\"}}"
                }, 
                "title": "Swap usage [Metricbeat System]", 
                "uiStateJSON": "{}", 
                "version": 1, 
                "visState": "{\"type\": \"metrics\", \"params\": {\"gauge_color_rules\": [{\"gauge\": \"rgba(104,188,0,1)\", \"id\": \"d17c1e90-4d59-11e7-aee5-fdc812cc3bec\", \"value\": 0, \"opperator\": \"gte\"}, {\"gauge\": \"rgba(251,158,0,1)\", \"id\": \"fc1d3490-4d59-11e7-aee5-fdc812cc3bec\", \"value\": 0.7, \"opperator\": \"gte\"}, {\"gauge\": \"rgba(211,49,21,1)\", \"id\": \"0e204240-4d5a-11e7-aee5-fdc812cc3bec\", \"value\": 0.85, \"opperator\": \"gte\"}], \"index_pattern\": \"metricbeat-*\", \"gauge_inner_width\": 10, \"series\": [{\"line_width\": 1, \"point_size\": 1, \"color\": \"#68BC00\", \"label\": \"Swap usage\", \"metrics\": [{\"field\": \"system.memory.swap.used.pct\", \"type\": \"avg\", \"id\": \"cee2fd22-4d59-11e7-aee5-fdc812cc3bec\"}], \"seperate_axis\": 0, \"split_mode\": \"everything\", \"chart_type\": \"line\", \"stacked\": \"none\", \"axis_position\": \"right\", \"formatter\": \"percent\", \"id\": \"cee2fd21-4d59-11e7-aee5-fdc812cc3bec\", \"fill\": 0.5}], \"axis_formatter\": \"number\", \"interval\": \"auto\", \"filter\": \"\", \"time_field\": \"@timestamp\", \"show_legend\": 1, \"show_grid\": 1, \"gauge_style\": \"half\", \"axis_position\": \"left\", \"gauge_width\": 10, \"type\": \"gauge\", \"id\": \"cee2fd20-4d59-11e7-aee5-fdc812cc3bec\", \"gauge_max\": \"\"}, \"aggs\": [], \"title\": \"Swap usage [Metricbeat System]\"}"
            }, 
            "id": "19e123b0-4d5a-11e7-aee5-fdc812cc3bec", 
            "type": "visualization", 
            "version": 1
        }, 
        {
            "attributes": {
                "description": "", 
                "kibanaSavedObjectMeta": {
                    "searchSourceJSON": "{\"filter\": [], \"query\": {\"query_string\": {\"query\": \"*\"}}}"
                }, 
                "title": "Memory usage vs total", 
                "uiStateJSON": "{}", 
                "version": 1, 
                "visState": "{\"type\": \"metrics\", \"listeners\": {}, \"params\": {\"background_color_rules\": [{\"id\": \"6f7618b0-4d5c-11e7-aa29-87a97a796de6\"}], \"time_field\": \"@timestamp\", \"series\": [{\"line_width\": 1, \"point_size\": 1, \"color\": \"#68BC00\", \"label\": \"Memory usage\", \"metrics\": [{\"field\": \"system.memory.actual.used.bytes\", \"type\": \"avg\", \"id\": \"6bc65722-4d5c-11e7-aa29-87a97a796de6\"}], \"seperate_axis\": 0, \"split_mode\": \"everything\", \"chart_type\": \"line\", \"stacked\": \"none\", \"axis_position\": \"right\", \"formatter\": \"bytes\", \"id\": \"6bc65721-4d5c-11e7-aa29-87a97a796de6\", \"fill\": 0.5}, {\"line_width\": 1, \"point_size\": 1, \"color\": \"#68BC00\", \"label\": \"Total Memory\", \"metrics\": [{\"field\": \"system.memory.total\", \"type\": \"avg\", \"id\": \"b8fe6821-4d5c-11e7-aa29-87a97a796de6\"}], \"seperate_axis\": 0, \"split_mode\": \"everything\", \"chart_type\": \"line\", \"stacked\": \"none\", \"axis_position\": \"right\", \"formatter\": \"bytes\", \"id\": \"b8fe6820-4d5c-11e7-aa29-87a97a796de6\", \"fill\": 0.5}], \"axis_formatter\": \"number\", \"interval\": \"auto\", \"id\": \"6bc65720-4d5c-11e7-aa29-87a97a796de6\", \"show_legend\": 1, \"index_pattern\": \"metricbeat-*\", \"type\": \"metric\", \"axis_position\": \"left\"}, \"aggs\": [], \"title\": \"Memory usage vs total\"}"
            }, 
            "id": "d2e80340-4d5c-11e7-aa29-87a97a796de6", 
            "type": "visualization", 
            "version": 1
        }, 
        {
            "attributes": {
                "description": "", 
                "kibanaSavedObjectMeta": {
                    "searchSourceJSON": "{\"filter\": [], \"query\": {\"query\": {\"query_string\": {\"query\": \"*\"}}, \"language\": \"lucene\"}}"
                }, 
                "title": "Disk used [Metricbeat System]", 
                "uiStateJSON": "{}", 
                "version": 1, 
                "visState": "{\"type\": \"metrics\", \"params\": {\"gauge_color_rules\": [{\"gauge\": \"rgba(104,188,0,1)\", \"id\": \"51921d10-4d1d-11e7-b5f2-2b7c1895bf32\", \"value\": 0, \"opperator\": \"gte\"}, {\"gauge\": \"rgba(251,158,0,1)\", \"id\": \"f26de750-4d54-11e7-b5f2-2b7c1895bf32\", \"value\": 0.7, \"opperator\": \"gte\"}, {\"gauge\": \"rgba(211,49,21,1)\", \"id\": \"fa31d190-4d54-11e7-b5f2-2b7c1895bf32\", \"value\": 0.85, \"opperator\": \"gte\"}], \"index_pattern\": \"metricbeat-*\", \"gauge_inner_width\": 10, \"series\": [{\"line_width\": 1, \"point_size\": 1, \"color\": \"#68BC00\", \"label\": \"Disk used\", \"metrics\": [{\"field\": \"system.fsstat.total_size.used\", \"type\": \"avg\", \"id\": \"4e4dee91-4d1d-11e7-b5f2-2b7c1895bf32\"}, {\"field\": \"system.fsstat.total_size.total\", \"type\": \"avg\", \"id\": \"57c96ee0-4d54-11e7-b5f2-2b7c1895bf32\"}, {\"variables\": [{\"field\": \"4e4dee91-4d1d-11e7-b5f2-2b7c1895bf32\", \"id\": \"6da10430-4d54-11e7-b5f2-2b7c1895bf32\", \"name\": \"used\"}, {\"field\": \"57c96ee0-4d54-11e7-b5f2-2b7c1895bf32\", \"id\": \"73b8c510-4d54-11e7-b5f2-2b7c1895bf32\", \"name\": \"total\"}], \"type\": \"calculation\", \"id\": \"6304cca0-4d54-11e7-b5f2-2b7c1895bf32\", \"script\": \"params.total != null && params.total > 0 ? params.used/params.total : null\"}], \"seperate_axis\": 0, \"split_mode\": \"everything\", \"chart_type\": \"line\", \"stacked\": \"none\", \"axis_position\": \"right\", \"formatter\": \"percent\", \"id\": \"4e4dee90-4d1d-11e7-b5f2-2b7c1895bf32\", \"fill\": 0.5}], \"axis_formatter\": \"number\", \"interval\": \"auto\", \"filter\": \"\", \"time_field\": \"@timestamp\", \"show_legend\": 1, \"show_grid\": 1, \"gauge_style\": \"half\", \"axis_position\": \"left\", \"gauge_width\": 10, \"type\": \"gauge\", \"id\": \"4e4dc780-4d1d-11e7-b5f2-2b7c1895bf32\", \"gauge_max\": \"1\"}, \"aggs\": [], \"title\": \"Disk used [Metricbeat System]\"}"
            }, 
            "id": "825fdb80-4d1d-11e7-b5f2-2b7c1895bf32", 
            "type": "visualization", 
            "version": 2
        }, 
        {
            "attributes": {
                "description": "", 
                "kibanaSavedObjectMeta": {
                    "searchSourceJSON": "{\"filter\": [], \"query\": {\"query\": {\"query_string\": {\"query\": \"*\"}}, \"language\": \"lucene\"}}"
                }, 
                "title": "Packetloss [Metricbeat System]", 
                "uiStateJSON": "{}", 
                "version": 1, 
                "visState": "{\"type\": \"metrics\", \"params\": {\"background_color_rules\": [{\"id\": \"6ba9b1f0-4d5d-11e7-aa29-87a97a796de6\"}], \"time_field\": \"@timestamp\", \"series\": [{\"line_width\": 1, \"point_size\": 1, \"color\": \"#68BC00\", \"label\": \"In Packetloss\", \"metrics\": [{\"field\": \"system.network.in.dropped\", \"type\": \"max\", \"id\": \"6984af12-4d5d-11e7-aa29-87a97a796de6\"}], \"seperate_axis\": 0, \"split_mode\": \"everything\", \"chart_type\": \"line\", \"stacked\": \"none\", \"axis_position\": \"right\", \"formatter\": \"number\", \"id\": \"6984af11-4d5d-11e7-aa29-87a97a796de6\", \"fill\": 0.5}, {\"line_width\": 1, \"point_size\": 1, \"color\": \"#68BC00\", \"label\": \"Out Packetloss\", \"metrics\": [{\"field\": \"system.network.out.dropped\", \"type\": \"max\", \"id\": \"ac2e6b31-4d5d-11e7-aa29-87a97a796de6\"}], \"seperate_axis\": 0, \"split_mode\": \"everything\", \"chart_type\": \"line\", \"stacked\": \"none\", \"axis_position\": \"right\", \"formatter\": \"number\", \"id\": \"ac2e6b30-4d5d-11e7-aa29-87a97a796de6\", \"fill\": 0.5}], \"axis_formatter\": \"number\", \"interval\": \"auto\", \"id\": \"6984af10-4d5d-11e7-aa29-87a97a796de6\", \"show_legend\": 1, \"show_grid\": 1, \"index_pattern\": \"metricbeat-*\", \"type\": \"metric\", \"axis_position\": \"left\"}, \"aggs\": [], \"title\": \"Packetloss [Metricbeat System]\"}"
            }, 
            "id": "96976150-4d5d-11e7-aa29-87a97a796de6", 
            "type": "visualization", 
            "version": 1
        }, 
        {
            "attributes": {
                "description": "", 
                "kibanaSavedObjectMeta": {
                    "searchSourceJSON": "{\"filter\": [], \"query\": {\"query\": {\"query_string\": {\"query\": \"*\"}}, \"language\": \"lucene\"}}"
                }, 
                "title": "Interfaces by Incoming traffic [Metricbeat System]", 
                "uiStateJSON": "{}", 
                "version": 1, 
                "visState": "{\"type\": \"metrics\", \"params\": {\"bar_color_rules\": [{\"id\": \"44596d40-4d60-11e7-9a4c-ed99bbcaa42b\"}], \"time_field\": \"@timestamp\", \"series\": [{\"line_width\": 1, \"terms_field\": \"system.network.name\", \"point_size\": 1, \"color\": \"#68BC00\", \"label\": \"Interfaces by Incoming traffic\", \"metrics\": [{\"field\": \"system.network.in.bytes\", \"type\": \"avg\", \"id\": \"42ced5a1-4d60-11e7-9a4c-ed99bbcaa42b\"}], \"seperate_axis\": 0, \"split_mode\": \"terms\", \"chart_type\": \"line\", \"terms_order_by\": \"42ced5a1-4d60-11e7-9a4c-ed99bbcaa42b\", \"stacked\": \"none\", \"axis_position\": \"right\", \"formatter\": \"bytes\", \"id\": \"42ced5a0-4d60-11e7-9a4c-ed99bbcaa42b\", \"fill\": 0.5}], \"axis_formatter\": \"number\", \"interval\": \"auto\", \"id\": \"42ceae90-4d60-11e7-9a4c-ed99bbcaa42b\", \"show_legend\": 1, \"show_grid\": 1, \"index_pattern\": \"metricbeat-*\", \"type\": \"top_n\", \"axis_position\": \"left\"}, \"aggs\": [], \"title\": \"Interfaces by Incoming traffic [Metricbeat System]\"}"
            }, 
            "id": "99381c80-4d60-11e7-9a4c-ed99bbcaa42b", 
            "type": "visualization", 
            "version": 1
        }, 
        {
            "attributes": {
                "description": "", 
                "kibanaSavedObjectMeta": {
                    "searchSourceJSON": "{\"filter\": [], \"query\": {\"query\": {\"query_string\": {\"query\": \"*\"}}, \"language\": \"lucene\"}}"
                }, 
                "title": "Interfaces by Outgoing traffic [Metricbeat System]", 
                "uiStateJSON": "{}", 
                "version": 1, 
                "visState": "{\"type\": \"metrics\", \"params\": {\"bar_color_rules\": [{\"id\": \"9db20be0-4d60-11e7-9a4c-ed99bbcaa42b\"}], \"time_field\": \"@timestamp\", \"series\": [{\"line_width\": 1, \"terms_field\": \"system.network.name\", \"point_size\": 1, \"color\": \"#68BC00\", \"label\": \"Interfaces by Outgoing traffic\", \"metrics\": [{\"field\": \"system.network.out.bytes\", \"type\": \"avg\", \"id\": \"9cdba912-4d60-11e7-9a4c-ed99bbcaa42b\"}], \"seperate_axis\": 0, \"split_mode\": \"terms\", \"chart_type\": \"line\", \"terms_order_by\": \"9cdba912-4d60-11e7-9a4c-ed99bbcaa42b\", \"stacked\": \"none\", \"axis_position\": \"right\", \"formatter\": \"bytes\", \"id\": \"9cdba911-4d60-11e7-9a4c-ed99bbcaa42b\", \"fill\": 0.5}], \"axis_formatter\": \"number\", \"interval\": \"auto\", \"id\": \"9cdba910-4d60-11e7-9a4c-ed99bbcaa42b\", \"show_legend\": 1, \"show_grid\": 1, \"index_pattern\": \"metricbeat-*\", \"type\": \"top_n\", \"axis_position\": \"left\"}, \"aggs\": [], \"title\": \"Interfaces by Outgoing traffic [Metricbeat System]\"}"
            }, 
            "id": "c5e3cf90-4d60-11e7-9a4c-ed99bbcaa42b", 
            "type": "visualization", 
            "version": 1
        }, 
        {
            "attributes": {
                "description": "", 
                "kibanaSavedObjectMeta": {
                    "searchSourceJSON": "{\"filter\": [], \"index\": \"metricbeat-*\", \"query\": {\"query_string\": {\"analyze_wildcard\": true, \"query\": \"*\"}}}"
                }, 
                "title": "Number of processes [Metricbeat System]", 
                "uiStateJSON": "{\"vis\": {\"defaultColors\": {\"0 - 100\": \"rgb(0,104,55)\"}}}", 
                "version": 1, 
                "visState": "{\"type\": \"metric\", \"listeners\": {}, \"params\": {\"gauge\": {\"useRange\": false, \"gaugeType\": \"Metric\", \"style\": {\"bgFill\": \"#000\", \"bgColor\": false, \"fontSize\": 60, \"subText\": \"\", \"labelColor\": false}, \"colorSchema\": \"Green to Red\", \"invertColors\": false, \"orientation\": \"vertical\", \"gaugeStyle\": \"Full\", \"autoExtend\": false, \"labels\": {\"color\": \"black\", \"show\": true}, \"backStyle\": \"Full\", \"colorsRange\": [{\"to\": 100, \"from\": 0}], \"scale\": {\"color\": \"#333\", \"width\": 2, \"labels\": false, \"show\": false}, \"verticalSplit\": false, \"percentageMode\": false, \"type\": \"simple\", \"gaugeColorMode\": \"None\"}, \"type\": \"gauge\", \"addTooltip\": true, \"addLegend\": false}, \"aggs\": [{\"params\": {\"field\": \"system.process.pid\", \"customLabel\": \"Processes\"}, \"type\": \"cardinality\", \"enabled\": true, \"id\": \"1\", \"schema\": \"metric\"}], \"title\": \"Number of processes\"}"
            }, 
            "id": "590a60f0-5d87-11e7-8884-1bb4c3b890e4", 
            "type": "visualization", 
            "version": 1
        }, 
        {
            "attributes": {
                "description": "", 
                "kibanaSavedObjectMeta": {
                    "searchSourceJSON": "{}"
                }, 
                "title": "Tip [Metricbeat System]", 
                "uiStateJSON": "{}", 
                "version": 1, 
                "visState": "{\"type\": \"markdown\", \"params\": {\"markdown\": \"**TIP:** To select another host, go to the [System Overview](#/dashboard/Metricbeat-system-overview) dashboard and double-click a host name.\", \"fontSize\": 12}, \"aggs\": [], \"title\": \"Tip [Metricbeat System]\"}"
            }, 
            "id": "3d65d450-a9c3-11e7-af20-67db8aecb295", 
            "type": "visualization", 
            "version": 2
        }, 
        {
            "attributes": {
                "description": "Overviw of host metrics", 
                "hits": 0, 
                "kibanaSavedObjectMeta": {
                    "searchSourceJSON": "{\"filter\": [], \"query\": {\"query\": \"beat.name:\\\"CHANGEME_HOSTNAME\\\"\", \"language\": \"lucene\"}, \"version\": true, \"highlightAll\": true}"
                }, 
                "optionsJSON": "{\"darkTheme\": false}", 
                "panelsJSON": "[{\"type\": \"visualization\", \"id\": \"6b7b9a40-faa1-11e6-86b1-cd7735ff7e23\", \"size_x\": 6, \"size_y\": 3, \"panelIndex\": 1, \"col\": 1, \"row\": 12}, {\"type\": \"visualization\", \"id\": \"4d546850-1b15-11e7-b09e-037021c4f8df\", \"size_x\": 6, \"size_y\": 3, \"panelIndex\": 2, \"col\": 7, \"row\": 6}, {\"type\": \"visualization\", \"id\": \"089b85d0-1b16-11e7-b09e-037021c4f8df\", \"size_x\": 6, \"size_y\": 3, \"panelIndex\": 3, \"col\": 7, \"row\": 12}, {\"type\": \"visualization\", \"id\": \"bfa5e400-1b16-11e7-b09e-037021c4f8df\", \"size_x\": 6, \"size_y\": 3, \"panelIndex\": 4, \"col\": 1, \"row\": 9}, {\"type\": \"visualization\", \"id\": \"e0f001c0-1b18-11e7-b09e-037021c4f8df\", \"size_x\": 6, \"size_y\": 3, \"panelIndex\": 5, \"col\": 7, \"row\": 15}, {\"type\": \"visualization\", \"id\": \"2e224660-1b19-11e7-b09e-037021c4f8df\", \"size_x\": 6, \"size_y\": 3, \"panelIndex\": 6, \"col\": 1, \"row\": 15}, {\"type\": \"visualization\", \"id\": \"ab2d1e90-1b1a-11e7-b09e-037021c4f8df\", \"size_x\": 6, \"size_y\": 3, \"panelIndex\": 7, \"col\": 1, \"row\": 6}, {\"type\": \"visualization\", \"id\": \"4e4bb1e0-1b1b-11e7-b09e-037021c4f8df\", \"size_x\": 6, \"size_y\": 3, \"panelIndex\": 8, \"col\": 7, \"row\": 9}, {\"type\": \"visualization\", \"id\": \"26732e20-1b91-11e7-bec4-a5e9ec5cab8b\", \"size_x\": 2, \"size_y\": 2, \"panelIndex\": 9, \"col\": 5, \"row\": 2}, {\"type\": \"visualization\", \"id\": \"83e12df0-1b91-11e7-bec4-a5e9ec5cab8b\", \"size_x\": 2, \"size_y\": 2, \"panelIndex\": 10, \"col\": 1, \"row\": 2}, {\"type\": \"visualization\", \"id\": \"d3166e80-1b91-11e7-bec4-a5e9ec5cab8b\", \"size_x\": 2, \"size_y\": 2, \"panelIndex\": 11, \"col\": 3, \"row\": 2}, {\"type\": \"visualization\", \"id\": \"522ee670-1b92-11e7-bec4-a5e9ec5cab8b\", \"size_x\": 2, \"size_y\": 2, \"panelIndex\": 12, \"col\": 7, \"row\": 2}, {\"type\": \"visualization\", \"id\": \"1aae9140-1b93-11e7-8ada-3df93aab833e\", \"size_x\": 2, \"size_y\": 2, \"panelIndex\": 13, \"col\": 9, \"row\": 2}, {\"type\": \"visualization\", \"id\": \"34f97ee0-1b96-11e7-8ada-3df93aab833e\", \"size_x\": 4, \"size_y\": 2, \"panelIndex\": 14, \"col\": 9, \"row\": 4}, {\"type\": \"visualization\", \"id\": \"System-Navigation\", \"size_x\": 6, \"size_y\": 1, \"panelIndex\": 16, \"col\": 1, \"row\": 1}, {\"type\": \"visualization\", \"id\": \"19e123b0-4d5a-11e7-aee5-fdc812cc3bec\", \"size_x\": 2, \"size_y\": 2, \"panelIndex\": 21, \"col\": 1, \"row\": 4}, {\"type\": \"visualization\", \"id\": \"d2e80340-4d5c-11e7-aa29-87a97a796de6\", \"size_x\": 2, \"size_y\": 2, \"panelIndex\": 22, \"col\": 3, \"row\": 4}, {\"type\": \"visualization\", \"id\": \"825fdb80-4d1d-11e7-b5f2-2b7c1895bf32\", \"size_x\": 2, \"size_y\": 2, \"panelIndex\": 23, \"col\": 7, \"row\": 4}, {\"type\": \"visualization\", \"id\": \"96976150-4d5d-11e7-aa29-87a97a796de6\", \"size_x\": 2, \"size_y\": 2, \"panelIndex\": 25, \"col\": 11, \"row\": 2}, {\"type\": \"visualization\", \"id\": \"99381c80-4d60-11e7-9a4c-ed99bbcaa42b\", \"size_x\": 6, \"size_y\": 3, \"panelIndex\": 27, \"col\": 1, \"row\": 18}, {\"type\": \"visualization\", \"id\": \"c5e3cf90-4d60-11e7-9a4c-ed99bbcaa42b\", \"size_x\": 6, \"size_y\": 3, \"panelIndex\": 28, \"col\": 7, \"row\": 18}, {\"type\": \"visualization\", \"id\": \"590a60f0-5d87-11e7-8884-1bb4c3b890e4\", \"size_x\": 2, \"size_y\": 2, \"panelIndex\": 29, \"col\": 5, \"row\": 4}, {\"type\": \"visualization\", \"id\": \"3d65d450-a9c3-11e7-af20-67db8aecb295\", \"size_x\": 6, \"size_y\": 1, \"panelIndex\": 30, \"col\": 7, \"row\": 1}]", 
                "timeRestore": false, 
                "title": "[Metricbeat System] Host overview", 
                "uiStateJSON": "{\"P-29\": {\"vis\": {\"defaultColors\": {\"0 - 100\": \"rgb(0,104,55)\"}}}}", 
                "version": 1
            }, 
            "id": "79ffd6e0-faa0-11e6-947f-177f697178b8", 
            "type": "dashboard", 
            "version": 12
        }
    ], 
    "version": "6.0.0-rc1-SNAPSHOT"
}