{
    "objects": [
        {
            "attributes": {
                "description": "", 
                "kibanaSavedObjectMeta": {
                    "searchSourceJSON": "{}"
                }, 
                "title": "Connections rate [Metricbeat MySQL]", 
                "uiStateJSON": "{}", 
                "version": 1, 
                "visState": "{\"type\": \"metrics\", \"params\": {\"time_field\": \"@timestamp\", \"series\": [{\"line_width\": 1, \"point_size\": 1, \"color\": \"#68BC00\", \"label\": \"Connections rate\", \"metrics\": [{\"field\": \"mysql.status.connections\", \"type\": \"avg\", \"id\": \"61ca57f2-469d-11e7-af02-69e470af7417\"}, {\"field\": \"61ca57f2-469d-11e7-af02-69e470af7417\", \"type\": \"derivative\", \"id\": \"aee9bbf0-f1f3-11e7-a752-236fe3270d99\", \"unit\": \"\"}], \"seperate_axis\": 0, \"split_mode\": \"everything\", \"chart_type\": \"line\", \"stacked\": \"none\", \"axis_position\": \"right\", \"formatter\": \"number\", \"id\": \"61ca57f1-469d-11e7-af02-69e470af7417\", \"fill\": 0.5}], \"axis_formatter\": \"number\", \"interval\": \"auto\", \"id\": \"61ca57f0-469d-11e7-af02-69e470af7417\", \"show_legend\": 1, \"show_grid\": 1, \"legend_position\": \"bottom\", \"index_pattern\": \"metricbeat-*\", \"type\": \"timeseries\", \"axis_position\": \"left\"}, \"aggs\": [], \"title\": \"Connections rate [Metricbeat MySQL]\"}"
            }, 
            "id": "d7e6bee0-f1f3-11e7-85ab-594b1652e0d1", 
            "type": "visualization", 
            "updated_at": "2018-01-05T09:14:45.934Z", 
            "version": 2
        }, 
        {
            "attributes": {
                "description": "", 
                "kibanaSavedObjectMeta": {
                    "searchSourceJSON": "{}"
                }, 
                "title": "Command rates [Metricbeat MySQL]", 
                "uiStateJSON": "{}", 
                "version": 1, 
                "visState": "{\"type\": \"metrics\", \"params\": {\"time_field\": \"@timestamp\", \"series\": [{\"line_width\": 1, \"point_size\": 1, \"color\": \"#68BC00\", \"label\": \"SELECT\", \"metrics\": [{\"field\": \"mysql.status.command.select\", \"type\": \"avg\", \"id\": \"61ca57f2-469d-11e7-af02-69e470af7417\"}, {\"field\": \"61ca57f2-469d-11e7-af02-69e470af7417\", \"type\": \"derivative\", \"id\": \"2d149f90-f1f4-11e7-a752-236fe3270d99\", \"unit\": \"\"}], \"seperate_axis\": 0, \"split_mode\": \"everything\", \"chart_type\": \"line\", \"stacked\": \"none\", \"axis_position\": \"right\", \"formatter\": \"number\", \"id\": \"61ca57f1-469d-11e7-af02-69e470af7417\", \"fill\": \"0.2\"}, {\"line_width\": 1, \"point_size\": 1, \"color\": \"rgba(104,204,202,1)\", \"label\": \"INSERT\", \"metrics\": [{\"field\": \"mysql.status.command.insert\", \"type\": \"avg\", \"id\": \"3c2a2a41-f1f4-11e7-a752-236fe3270d99\"}, {\"field\": \"3c2a2a41-f1f4-11e7-a752-236fe3270d99\", \"type\": \"derivative\", \"id\": \"3c2a2a42-f1f4-11e7-a752-236fe3270d99\", \"unit\": \"\"}], \"seperate_axis\": 0, \"split_mode\": \"everything\", \"chart_type\": \"line\", \"stacked\": \"none\", \"axis_position\": \"right\", \"formatter\": \"number\", \"id\": \"3c2a2a40-f1f4-11e7-a752-236fe3270d99\", \"fill\": \"0.2\"}, {\"line_width\": 1, \"point_size\": 1, \"color\": \"rgba(252,220,0,1)\", \"label\": \"UPDATE\", \"metrics\": [{\"field\": \"mysql.status.command.update\", \"type\": \"avg\", \"id\": \"485ce051-f1f4-11e7-a752-236fe3270d99\"}, {\"field\": \"485ce051-f1f4-11e7-a752-236fe3270d99\", \"type\": \"derivative\", \"id\": \"485ce052-f1f4-11e7-a752-236fe3270d99\", \"unit\": \"\"}], \"seperate_axis\": 0, \"split_mode\": \"everything\", \"chart_type\": \"line\", \"stacked\": \"none\", \"axis_position\": \"right\", \"formatter\": \"number\", \"id\": \"485ce050-f1f4-11e7-a752-236fe3270d99\", \"fill\": \"0.2\"}, {\"line_width\": 1, \"point_size\": 1, \"color\": \"rgba(244,78,59,1)\", \"label\": \"DELETE\", \"metrics\": [{\"field\": \"mysql.status.command.delete\", \"type\": \"avg\", \"id\": \"543a4a71-f1f4-11e7-a752-236fe3270d99\"}, {\"field\": \"543a4a71-f1f4-11e7-a752-236fe3270d99\", \"type\": \"derivative\", \"id\": \"543a4a72-f1f4-11e7-a752-236fe3270d99\", \"unit\": \"\"}], \"seperate_axis\": 0, \"split_mode\": \"everything\", \"chart_type\": \"line\", \"stacked\": \"none\", \"axis_position\": \"right\", \"formatter\": \"number\", \"id\": \"543a4a70-f1f4-11e7-a752-236fe3270d99\", \"fill\": \"0.2\"}], \"axis_formatter\": \"number\", \"interval\": \"auto\", \"id\": \"61ca57f0-469d-11e7-af02-69e470af7417\", \"show_legend\": 1, \"show_grid\": 1, \"index_pattern\": \"metricbeat-*\", \"type\": \"timeseries\", \"axis_position\": \"left\"}, \"aggs\": [], \"title\": \"Command rates [Metricbeat MySQL]\"}"
            }, 
            "id": "695a4f90-f1f4-11e7-85ab-594b1652e0d1", 
            "type": "visualization", 
            "updated_at": "2018-01-05T09:14:45.934Z", 
            "version": 2
        }, 
        {
            "attributes": {
                "description": "", 
                "kibanaSavedObjectMeta": {
                    "searchSourceJSON": "{}"
                }, 
                "title": "Running threads [Metricbeat MySQL]", 
                "uiStateJSON": "{}", 
                "version": 1, 
                "visState": "{\"type\": \"metrics\", \"params\": {\"time_field\": \"@timestamp\", \"series\": [{\"line_width\": 1, \"point_size\": 1, \"color\": \"rgba(174,161,255,1)\", \"label\": \"Running threads\", \"metrics\": [{\"field\": \"mysql.status.threads.running\", \"type\": \"avg\", \"id\": \"61ca57f2-469d-11e7-af02-69e470af7417\"}], \"seperate_axis\": 0, \"split_mode\": \"everything\", \"chart_type\": \"line\", \"stacked\": \"none\", \"axis_position\": \"right\", \"formatter\": \"number\", \"id\": \"61ca57f1-469d-11e7-af02-69e470af7417\", \"fill\": 0.5}], \"axis_formatter\": \"number\", \"interval\": \"auto\", \"id\": \"61ca57f0-469d-11e7-af02-69e470af7417\", \"show_legend\": 1, \"show_grid\": 1, \"legend_position\": \"bottom\", \"index_pattern\": \"metricbeat-*\", \"type\": \"timeseries\", \"axis_position\": \"left\"}, \"aggs\": [], \"title\": \"Running threads [Metricbeat MySQL]\"}"
            }, 
            "id": "124dce60-f1f5-11e7-85ab-594b1652e0d1", 
            "type": "visualization", 
            "updated_at": "2018-01-05T09:14:45.934Z", 
            "version": 2
        }, 
        {
            "attributes": {
                "description": "", 
                "kibanaSavedObjectMeta": {
                    "searchSourceJSON": "{}"
                }, 
                "title": "Opened tables rate [Metricbeat MySQL]", 
                "uiStateJSON": "{}", 
                "version": 1, 
                "visState": "{\"type\": \"metrics\", \"params\": {\"time_field\": \"@timestamp\", \"series\": [{\"line_width\": 1, \"point_size\": 1, \"color\": \"rgba(252,196,0,1)\", \"label\": \"Opened tables rate\", \"metrics\": [{\"field\": \"mysql.status.opened_tables\", \"type\": \"avg\", \"id\": \"61ca57f2-469d-11e7-af02-69e470af7417\"}, {\"field\": \"61ca57f2-469d-11e7-af02-69e470af7417\", \"type\": \"derivative\", \"id\": \"9972d250-f1f5-11e7-a752-236fe3270d99\", \"unit\": \"\"}], \"seperate_axis\": 0, \"split_mode\": \"everything\", \"chart_type\": \"line\", \"stacked\": \"none\", \"axis_position\": \"right\", \"formatter\": \"number\", \"id\": \"61ca57f1-469d-11e7-af02-69e470af7417\", \"fill\": 0.5}], \"axis_formatter\": \"number\", \"interval\": \"auto\", \"id\": \"61ca57f0-469d-11e7-af02-69e470af7417\", \"show_legend\": 1, \"show_grid\": 1, \"legend_position\": \"bottom\", \"index_pattern\": \"metricbeat-*\", \"type\": \"timeseries\", \"axis_position\": \"left\"}, \"aggs\": [], \"title\": \"Opened tables rate [Metricbeat MySQL]\"}"
            }, 
            "id": "aaa326b0-f1f5-11e7-85ab-594b1652e0d1", 
            "type": "visualization", 
            "updated_at": "2018-01-05T09:14:45.934Z", 
            "version": 3
        }, 
        {
            "attributes": {
                "description": "", 
                "kibanaSavedObjectMeta": {
                    "searchSourceJSON": "{}"
                }, 
                "title": "Threads created rate [Metricbeat MySQL]", 
                "uiStateJSON": "{}", 
                "version": 1, 
                "visState": "{\"type\": \"metrics\", \"params\": {\"time_field\": \"@timestamp\", \"series\": [{\"line_width\": 1, \"point_size\": 1, \"color\": \"rgba(123,100,255,1)\", \"label\": \"Threads created rate\", \"metrics\": [{\"field\": \"mysql.status.threads.created\", \"type\": \"avg\", \"id\": \"61ca57f2-469d-11e7-af02-69e470af7417\"}, {\"field\": \"61ca57f2-469d-11e7-af02-69e470af7417\", \"type\": \"derivative\", \"id\": \"9972d250-f1f5-11e7-a752-236fe3270d99\", \"unit\": \"\"}], \"seperate_axis\": 0, \"split_mode\": \"everything\", \"chart_type\": \"line\", \"stacked\": \"none\", \"axis_position\": \"right\", \"formatter\": \"number\", \"id\": \"61ca57f1-469d-11e7-af02-69e470af7417\", \"fill\": 0.5}], \"axis_formatter\": \"number\", \"interval\": \"auto\", \"id\": \"61ca57f0-469d-11e7-af02-69e470af7417\", \"show_legend\": 1, \"show_grid\": 1, \"legend_position\": \"bottom\", \"index_pattern\": \"metricbeat-*\", \"type\": \"timeseries\", \"axis_position\": \"left\"}, \"aggs\": [], \"title\": \"Threads created rate [Metricbeat MySQL]\"}"
            }, 
            "id": "fb1f3f20-f1f5-11e7-85ab-594b1652e0d1", 
            "type": "visualization", 
            "updated_at": "2018-01-05T09:14:45.934Z", 
            "version": 2
        }, 
        {
            "attributes": {
                "description": "", 
                "kibanaSavedObjectMeta": {
                    "searchSourceJSON": "{}"
                }, 
                "title": "Open files [Metricbeat MySQL]", 
                "uiStateJSON": "{}", 
                "version": 1, 
                "visState": "{\"type\": \"metrics\", \"params\": {\"time_field\": \"@timestamp\", \"series\": [{\"line_width\": 1, \"point_size\": 1, \"color\": \"rgba(22,165,165,1)\", \"label\": \"Open files\", \"metrics\": [{\"field\": \"mysql.status.open.files\", \"type\": \"avg\", \"id\": \"61ca57f2-469d-11e7-af02-69e470af7417\"}], \"seperate_axis\": 0, \"split_mode\": \"everything\", \"chart_type\": \"line\", \"stacked\": \"none\", \"axis_position\": \"right\", \"formatter\": \"number\", \"id\": \"61ca57f1-469d-11e7-af02-69e470af7417\", \"fill\": 0.5}], \"axis_formatter\": \"number\", \"interval\": \"auto\", \"id\": \"61ca57f0-469d-11e7-af02-69e470af7417\", \"show_legend\": 1, \"show_grid\": 1, \"legend_position\": \"bottom\", \"index_pattern\": \"metricbeat-*\", \"type\": \"timeseries\", \"axis_position\": \"left\"}, \"aggs\": [], \"title\": \"Open files [Metricbeat MySQL]\"}"
            }, 
            "id": "f5b35930-f1f6-11e7-85ab-594b1652e0d1", 
            "type": "visualization", 
            "updated_at": "2018-01-05T09:14:45.934Z", 
            "version": 2
        }, 
        {
            "attributes": {
                "description": "", 
                "kibanaSavedObjectMeta": {
                    "searchSourceJSON": "{}"
                }, 
                "title": "Sent and received bytes rates [Metricbeat MySQL]", 
                "uiStateJSON": "{}", 
                "version": 1, 
                "visState": "{\"type\": \"metrics\", \"params\": {\"time_field\": \"@timestamp\", \"series\": [{\"line_width\": 1, \"point_size\": 1, \"color\": \"rgba(0,98,177,1)\", \"label\": \"Received bytes\", \"metrics\": [{\"field\": \"mysql.status.bytes.received\", \"type\": \"avg\", \"id\": \"2b1c2391-f1f7-11e7-a752-236fe3270d99\"}, {\"field\": \"2b1c2391-f1f7-11e7-a752-236fe3270d99\", \"type\": \"derivative\", \"id\": \"2b1c2392-f1f7-11e7-a752-236fe3270d99\", \"unit\": \"\"}], \"seperate_axis\": 0, \"split_mode\": \"everything\", \"chart_type\": \"line\", \"stacked\": \"none\", \"axis_position\": \"right\", \"formatter\": \"number\", \"id\": \"2b1c2390-f1f7-11e7-a752-236fe3270d99\", \"fill\": 0.5}, {\"line_width\": 1, \"point_size\": 1, \"color\": \"#68BC00\", \"label\": \"Sent bytes\", \"metrics\": [{\"field\": \"mysql.status.bytes.sent\", \"type\": \"avg\", \"id\": \"61ca57f2-469d-11e7-af02-69e470af7417\"}, {\"field\": \"61ca57f2-469d-11e7-af02-69e470af7417\", \"type\": \"derivative\", \"id\": \"23cfda50-f1f7-11e7-a752-236fe3270d99\", \"unit\": \"\"}], \"seperate_axis\": 0, \"split_mode\": \"everything\", \"chart_type\": \"line\", \"stacked\": \"none\", \"axis_position\": \"right\", \"formatter\": \"number\", \"id\": \"61ca57f1-469d-11e7-af02-69e470af7417\", \"fill\": 0.5}], \"axis_formatter\": \"number\", \"interval\": \"auto\", \"id\": \"61ca57f0-469d-11e7-af02-69e470af7417\", \"show_legend\": 1, \"show_grid\": 1, \"legend_position\": \"bottom\", \"index_pattern\": \"metricbeat-*\", \"type\": \"timeseries\", \"axis_position\": \"left\"}, \"aggs\": [], \"title\": \"Sent and received bytes rates [Metricbeat MySQL]\"}"
            }, 
            "id": "7404feb0-f1f7-11e7-85ab-594b1652e0d1", 
            "type": "visualization", 
            "updated_at": "2018-01-05T09:15:49.714Z", 
            "version": 3
        }, 
        {
            "attributes": {
                "description": "Overview of MySQL server", 
                "hits": 0, 
                "kibanaSavedObjectMeta": {
                    "searchSourceJSON": "{\"filter\": [], \"query\": {\"query\": {\"query_string\": {\"analyze_wildcard\": true, \"query\": \"*\"}}, \"language\": \"lucene\"}, \"version\": true, \"highlightAll\": true}"
                }, 
                "optionsJSON": "{\"darkTheme\": false, \"useMargins\": false}", 
                "panelsJSON": "[{\"gridData\": {\"i\": \"10\", \"h\": 3, \"y\": 3, \"w\": 6, \"x\": 0}, \"type\": \"visualization\", \"version\": \"6.2.4\", \"panelIndex\": \"10\", \"id\": \"d7e6bee0-f1f3-11e7-85ab-594b1652e0d1\"}, {\"gridData\": {\"i\": \"11\", \"h\": 3, \"y\": 0, \"w\": 12, \"x\": 0}, \"type\": \"visualization\", \"version\": \"6.2.4\", \"panelIndex\": \"11\", \"id\": \"695a4f90-f1f4-11e7-85ab-594b1652e0d1\"}, {\"gridData\": {\"i\": \"13\", \"h\": 3, \"y\": 3, \"w\": 6, \"x\": 6}, \"type\": \"visualization\", \"version\": \"6.2.4\", \"panelIndex\": \"13\", \"id\": \"124dce60-f1f5-11e7-85ab-594b1652e0d1\"}, {\"gridData\": {\"i\": \"14\", \"h\": 3, \"y\": 6, \"w\": 6, \"x\": 0}, \"type\": \"visualization\", \"version\": \"6.2.4\", \"panelIndex\": \"14\", \"id\": \"aaa326b0-f1f5-11e7-85ab-594b1652e0d1\"}, {\"gridData\": {\"i\": \"15\", \"h\": 3, \"y\": 6, \"w\": 6, \"x\": 6}, \"type\": \"visualization\", \"version\": \"6.2.4\", \"panelIndex\": \"15\", \"id\": \"fb1f3f20-f1f5-11e7-85ab-594b1652e0d1\"}, {\"gridData\": {\"i\": \"16\", \"h\": 3, \"y\": 9, \"w\": 6, \"x\": 6}, \"type\": \"visualization\", \"version\": \"6.2.4\", \"panelIndex\": \"16\", \"id\": \"f5b35930-f1f6-11e7-85ab-594b1652e0d1\"}, {\"gridData\": {\"i\": \"17\", \"h\": 3, \"y\": 9, \"w\": 6, \"x\": 0}, \"type\": \"visualization\", \"version\": \"6.2.4\", \"panelIndex\": \"17\", \"id\": \"7404feb0-f1f7-11e7-85ab-594b1652e0d1\"}]", 
                "timeRestore": false, 
                "title": "[Metricbeat MySQL] Overview", 
                "version": 1
            }, 
            "id": "66881e90-0006-11e7-bf7f-c9acc3d3e306", 
            "type": "dashboard", 
            "updated_at": "2018-01-05T09:14:45.934Z", 
            "version": 3
        }
    ], 
    "version": "6.2.4"
}